node_id,betweenness
2565,0.017654409558147836
1549,0.016564095998753692
15,0.01156258726064681
72,0.008011822532712367
737,0.006134997021063534
1166,0.0058025468349323876
5079,0.005438230580659507
2328,0.005202347375831278
2237,0.004714826895715726
28,0.004563992520641177
993,0.004353772753102095
3352,0.004332431860968848
2658,0.0039883557349069745
3456,0.003975640400948056
8,0.00395518511682223
5524,0.003856538991601708
4037,0.003801315535874442
762,0.003644528904459048
2398,0.0036307516007489105
2485,0.003459388442377754
2651,0.0033574002336286993
3976,0.0033157779405267847
4310,0.003185264263709815
600,0.0031101472691549984
5022,0.0030787368231131916
2871,0.0029805538627220977
825,0.0029795405532751537
1374,0.0028790189788295995
4828,0.0027741331334448184
5179,0.0027634339670330895
1352,0.0027417327708782386
1297,0.002714914646100328
4099,0.002713321641466392
1151,0.0026200572791565376
5800,0.002482058369699248
1305,0.0023892546403163325
789,0.0023794810267872236
6946,0.0023741762239417523
3459,0.0023321343670582107
4712,0.0023148269656585057
56,0.002295473350764129
2256,0.0022767315904368
5697,0.0022417560845070807
5543,0.0022015841120237435
407,0.0021846677025210465
2576,0.0020887492002894656
1211,0.0020625239336623216
2654,0.0020253917051035186
1608,0.002019810865350402
3028,0.0020099546106467606
2940,0.0019620347544282058
6914,0.0019470733266680493
5002,0.001941122024894164
3453,0.001939714244154923
2790,0.0018722168624651975
3447,0.0018350400116082196
5189,0.001812442640986825
5020,0.0018063614981627158
86,0.0017861823349649775
2535,0.0016943190127410974
55,0.001681653496654194
7092,0.0016232631739727546
6,0.0015726923721193398
633,0.0015635496427723271
5814,0.0015463762237605547
3568,0.001529418250703873
5254,0.0015282548705498615
1473,0.0015190769425880671
722,0.0015073991778260132
2972,0.0015026759365289705
2323,0.0014990565284084053
4536,0.0014867406358775712
35,0.0014538217483815185
3498,0.0014422009626510863
2285,0.001427595315919078
3586,0.0013703580806585932
4632,0.0013630278285785555
2660,0.0013305543674830003
4653,0.0013296358103028546
665,0.0013014001330750404
6327,0.0012972726713556821
663,0.0012964209284731577
2120,0.0012922595765148103
3026,0.0012837936623392471
6774,0.0012648375428046877
3631,0.0012536380571800294
1717,0.0012274990382238073
4191,0.0012215374103367888
1496,0.001212589685146169
1357,0.0012046139089961182
6618,0.001193477862429777
2145,0.0011892595503792875
5806,0.0011827444872755874
2859,0.0011536881888306266
4483,0.001145179048725763
2504,0.0011365474911452123
1919,0.001124104053955084
4335,0.001112838540433172
3084,0.00111177752651933
2686,0.0011043638126325632
922,0.0010961779714125468
1492,0.0010909954414235505
311,0.001083587030559007
1428,0.0010692902450379963
3394,0.0010634859984786785
2411,0.0010530060292322895
2667,0.0010515984102371242
1279,0.0010431577623099234
6006,0.0010388867770762013
1006,0.0010298186878806397
978,0.001026748287535481
5423,0.0010237603350235801
1319,0.0010104819090123044
282,0.0010093943784157343
5802,0.0010078220713928877
6299,0.001007701463796147
1167,0.001005385931949678
6907,0.0009952286108444082
3796,0.000994512490454373
310,0.000993641090472219
2240,0.000984033696757297
1982,0.0009708279344929644
1542,0.0009686316844833347
2297,0.0009675901054860414
1247,0.0009640677878478258
4261,0.0009513060925794216
1661,0.0009486253634705788
3787,0.0009403409095505025
1111,0.0009402661124380227
7047,0.0009384062145190056
4687,0.0009337120525921504
4040,0.0009093087799308796
2062,0.0009055147007779491
3634,0.0008970463761623883
769,0.0008949715582966999
2657,0.0008937983659737657
3454,0.0008917328151574556
2160,0.0008911175821031375
2653,0.0008832799596448105
3691,0.0008829985225355881
5188,0.0008828987847391524
432,0.0008800884810490337
29,0.0008644948077292854
2135,0.0008637800654992809
5819,0.0008623869545141946
5714,0.0008608169218083901
1701,0.0008523523058965396
5484,0.0008498036177928036
5773,0.0008394393092185865
1772,0.0008272084807313224
5839,0.0008236220132568199
7052,0.0008146024079284683
6032,0.0008126593043819645
6305,0.0008119864906091502
2326,0.0008109887708599096
5123,0.0008101175168096129
2369,0.0008078676986986506
1808,0.0008020382445796642
3439,0.0007876998549087665
2958,0.0007847347806778311
4124,0.0007831235797372838
23,0.0007775047859401168
1855,0.0007702816637594897
2693,0.0007676859361256394
4981,0.0007670526661497992
290,0.0007585687261862256
6634,0.0007474541636331333
2474,0.0007432266276266322
697,0.0007396282585520053
2623,0.000735594040341927
3615,0.0007353177749389566
1385,0.0007343698507066576
896,0.0007340336171855768
1585,0.0007323143343372515
5404,0.000732055007621773
3614,0.0007281545644843687
2371,0.0007244948879762817
2774,0.0007217686529149985
3192,0.0007198109648263082
904,0.0007128975415304845
3562,0.0007113147612447282
3024,0.0007039629533233129
813,0.0007029500879098834
155,0.0007021521335149588
941,0.0007019339476985338
3443,0.0006978299231693073
95,0.0006937966281774214
4824,0.0006926276550573852
6784,0.0006924932128252605
259,0.0006868344494636043
1062,0.0006847124360964633
3334,0.0006835582916224884
10,0.000683541968927504
4041,0.000683411762647618
1029,0.0006806466773082108
6560,0.0006792926291829256
3479,0.0006743571244752974
1267,0.0006685824875115142
5445,0.0006678862385392361
5817,0.000666085283883241
1193,0.000665929414128599
1972,0.0006601324326997117
4044,0.0006581941803856269
826,0.0006499518378669654
3276,0.0006457456884442311
4795,0.0006439151345839247
5822,0.0006407751753601143
5812,0.0006343798389672643
3452,0.0006319764003234158
2594,0.0006304981899711095
5233,0.0006261073449624845
5301,0.0006257131400846409
1700,0.0006238284649269434
4796,0.0006185811806337125
4138,0.0006136217791546981
36,0.0006132471872389435
3238,0.0006116214045001555
6665,0.000610746251388982
7131,0.0006097488907975553
171,0.000608825917673566
4666,0.0006085138684753773
5818,0.0006066766464331594
4212,0.0006060875241417484
2290,0.0006045604286451781
6458,0.0006008021657381112
2516,0.0005998250704198725
4110,0.0005994849635194055
5262,0.0005973942960902864
4792,0.0005956059207648966
4600,0.0005894900315614184
3643,0.0005888129181420747
1622,0.0005812128002113819
2775,0.0005791478857373804
2560,0.0005780829017066
937,0.0005780658341701221
6523,0.0005774602436936003
3897,0.000576156928573838
1471,0.0005738517409108418
3291,0.0005734243126053584
5321,0.0005725794191908374
7225,0.0005714729060319185
2851,0.0005684224532382661
6123,0.0005663528646558501
3969,0.0005620542849081568
6714,0.0005618171957923376
1031,0.0005616348202487414
967,0.0005613715879558956
6596,0.000553157736576597
6555,0.0005528056069271867
3404,0.0005508096698448734
644,0.0005493222981307702
946,0.0005441799380106113
3792,0.0005418596401293367
4065,0.0005407643487643132
2134,0.000538200561296006
371,0.0005361097081206595
7233,0.00053539023260906
5596,0.0005320311347923848
2707,0.0005317672819572951
75,0.0005292092555236193
1080,0.0005287534268175638
1769,0.0005206471179476773
1697,0.0005186221606178795
2264,0.0005185517932405146
6156,0.0005155898558966324
7021,0.0005151036912436371
3034,0.0005147633210827917
346,0.000512354859646164
2619,0.0005108527870446291
4964,0.0005108039655403652
39,0.0005066527929450625
2713,0.0005023369721431152
1384,0.0005019729886381853
319,0.0005012558785428752
6624,0.0004994066315226021
3027,0.0004993856059396723
5028,0.0004986261658875053
1836,0.0004921904473987718
1811,0.0004895938663443969
3381,0.000488902896422316
974,0.0004881130045243795
2822,0.0004873568989532378
1997,0.00048122810282360455
6414,0.0004791602839208665
1835,0.00047889713476889244
317,0.0004780055034769111
425,0.0004758058071832582
5176,0.0004747097247228704
5263,0.0004736960376933239
856,0.000468029838196686
4717,0.0004642079460762361
2542,0.00046015548520856003
763,0.0004573870915201984
1489,0.0004542647160361726
3813,0.0004506915044456257
7378,0.00045000234464226993
6913,0.0004495829749868593
7280,0.00044636751928288316
784,0.00044510721614429607
178,0.0004441603056546299
2746,0.00044008495557605306
1705,0.0004386253220466946
2174,0.00043749365591563816
3258,0.00043589146364760766
2506,0.0004318239377560694
5811,0.0004306639627635828
2231,0.00043003721813439377
1621,0.00042918114141263653
1814,0.0004253103020197476
3348,0.00042464036523260967
1286,0.0004228796475500874
2593,0.0004220718686848868
33,0.00042169279913105044
3092,0.00042097370201682667
2381,0.0004199733051163836
1185,0.0004188213499055011
2585,0.0004153353782432408
3587,0.00041491739184294085
182,0.0004147667595808903
3830,0.0004121785847004957
710,0.00041187846740483013
3645,0.00041061818928940383
3010,0.00041051637018696185
2909,0.0004091204729797645
2384,0.00040773403084420554
4072,0.00040538791099939577
5871,0.00040035220902045717
308,0.00039758528847881695
5605,0.0003965936502665297
6422,0.0003962830435256711
5482,0.0003951009447996106
7301,0.0003943314065769813
2507,0.00039413732564767037
3806,0.00039167457418924596
3910,0.000390771421533643
3321,0.0003863969413717277
313,0.00038458987009854173
2674,0.0003830696981175782
2620,0.0003825789036191049
1049,0.00038224089473332004
5103,0.0003818666010143886
2923,0.0003814419872533677
2144,0.0003787805259871024
5804,0.00037801072813403513
306,0.00037763060672921835
4201,0.00037691663203095923
5582,0.00037636761017525056
5655,0.00037615387730994155
1990,0.0003758362132344559
3018,0.0003753569542859371
417,0.00037288575971131756
4071,0.0003728594452835174
4175,0.0003718806913149218
1156,0.0003703520061855656
2251,0.00037032924178720313
2831,0.0003689118929773036
152,0.00036799428895348957
406,0.0003667932132085572
4448,0.0003645838255366573
1538,0.00036261628092302693
4441,0.0003623580735584328
5457,0.00036232519097469703
1199,0.0003608424952890644
715,0.00036081961256934216
2655,0.00036071697243289936
761,0.0003602963851607558
3284,0.00035986646901646626
151,0.00035810199048214177
3812,0.0003576430295858666
4338,0.00035745820636645556
334,0.0003562101796425541
2276,0.0003561776197014194
3020,0.0003529835473332885
6229,0.00035297950908173674
1638,0.00035275863333330854
7391,0.00035270278550638947
127,0.00035116040664856654
6934,0.00035069699562633626
2114,0.00035054815021669255
6790,0.00035026277381515003
2747,0.0003468151067218831
4709,0.0003451876635094964
1442,0.0003418154462330216
3635,0.0003417232119251811
3144,0.00034141967137180893
1487,0.00034116415007518153
2700,0.0003408427257228433
1291,0.00033827687625058813
4574,0.0003366206506414293
626,0.0003358201382647858
2508,0.00033347087002334535
5162,0.0003327598039786221
2547,0.00033244731161048414
3748,0.00033214777459744665
4654,0.0003317214214509918
1734,0.00033092616528945746
5479,0.00033007213775484377
1000,0.000329627086695333
1571,0.0003287793161655243
1688,0.000328075781858829
94,0.0003278756469750899
50,0.0003268565168456106
2880,0.0003261402113998305
5624,0.00032609060409482035
3541,0.00032583746429012126
1521,0.0003243744142249906
1849,0.000324047384268093
637,0.00032324862981476587
304,0.0003221671694771415
230,0.00032190437337847086
1137,0.00032082363786309354
3962,0.00032025527998275365
5432,0.00031952191452732775
5106,0.00031944101809830146
2932,0.0003165690663886856
6218,0.0003152418549295997
742,0.0003142590328097674
1977,0.0003123893201978935
5226,0.00031132953590447623
1125,0.00031110245392277405
2102,0.00030951779932770416
4219,0.00030913845584248754
4485,0.00030873588625258426
2001,0.00030780437395788
80,0.00030721454434127127
2258,0.0003060692184479073
1201,0.0003058371940591932
1074,0.000305069773736745
5998,0.00030390848840583555
5439,0.00030244847902981427
2587,0.00030124537984713205
1799,0.00030122287819249845
255,0.00030119156343354285
2440,0.00030071307527632465
704,0.00029888338431746805
7063,0.0002968087222579983
760,0.00029592910773028114
5738,0.00029533799591243727
4297,0.0002936301185865957
1754,0.0002927417425221044
1908,0.0002918549513035748
1823,0.0002903721806517125
4400,0.0002900942702516253
6334,0.0002897678156321424
3191,0.0002892972638412092
1497,0.00028895915314587357
465,0.00028884874163801345
7882,0.0002873738204099404
4899,0.00028700305494917165
3898,0.0002867817995088656
3015,0.0002864515336654854
1200,0.00028590369670758925
5872,0.00028585773779848863
4587,0.00028508034625102715
5739,0.0002836290035189357
2785,0.0002834417908463741
560,0.0002833533263355371
4401,0.0002822827681690209
2375,0.0002820043223076996
863,0.0002819077969376933
6270,0.00028078932645880247
3480,0.0002782438101544206
49,0.00027642066819543777
3005,0.0002762877078775952
6044,0.000274690861287464
2072,0.0002743870469315028
3460,0.00027437872891085657
771,0.0002732713278690348
2605,0.00027237341956304285
3089,0.00027132953884591716
3854,0.00027045789782871273
7386,0.0002664241558675506
4557,0.0002651007549823932
280,0.00026457428629273947
1564,0.0002613166604773347
4488,0.00026101444113506034
5140,0.0002607583982251437
1525,0.00026067461035907005
1157,0.0002606188225016261
7012,0.0002602664737255391
1253,0.0002583426356942467
1847,0.00025816727511803963
2289,0.0002577974043262564
243,0.0002575178668691845
356,0.0002564951088222015
2410,0.0002558178292412232
1744,0.000253610170874591
935,0.0002532893884836239
1024,0.00025260044247124434
5246,0.00025202921232859196
3274,0.00025172815579714786
5200,0.0002514596554999572
975,0.0002507454798996102
2193,0.0002506885830098215
871,0.000250209782483035
971,0.0002501447225158702
2433,0.00024923847356570617
2085,0.00024920856089995886
3956,0.00024919631531580854
6770,0.0002488616569645885
6736,0.00024876571484312276
2229,0.00024868030398005503
7279,0.00024812907854024043
4315,0.00024812034474707865
1888,0.00024784414107063997
2252,0.00024759608786485536
545,0.000245913462788543
3458,0.00024590322387132985
5807,0.00024551223354953933
4432,0.0002452590451233197
5178,0.0002445349472355673
667,0.00024332925960560226
2095,0.00024323854704839774
2510,0.00024305505233621598
3000,0.00024283198780123704
8051,0.00024281075022862422
2991,0.0002426475317437152
4846,0.0002423836266147693
204,0.00024222677655375103
5775,0.0002418461416107122
1203,0.00024021848620741612
1164,0.00023971653471940786
1729,0.00023900697478080972
285,0.00023800043926989169
5824,0.0002378603487469558
4662,0.00023767991433828835
6001,0.0002375404974765411
2646,0.0002370874397369213
805,0.00023642375631323977
2014,0.00023635245701357903
2456,0.0002361208210343405
5064,0.00023582574637519282
4748,0.0002356445443832224
5096,0.0002346523713466253
4661,0.00023449828264047285
4781,0.00023442612425396205
2689,0.00023402299476117628
2517,0.00023305817139277567
4791,0.00023283252542220359
1097,0.00023074974258677295
132,0.00023038689269878326
7054,0.00022904950791839088
2770,0.0002287682941171679
1498,0.00022826634553818834
2696,0.0002279659066715938
6000,0.0002274874466190849
1403,0.0002266084828447944
4199,0.00022640794378367342
4547,0.00022613122638378985
7238,0.00022580869793624212
3009,0.00022548480754760593
5529,0.0002254066257049037
549,0.00022408806571438698
5378,0.00022330257576305928
2697,0.0002223773429138747
6951,0.00022207407747888133
6780,0.00022165068125563962
1783,0.00021918215871251183
3843,0.00021863341055799066
2550,0.000216524249078895
1165,0.00021632722809143427
2257,0.00021553575234432545
3417,0.00021530987870239026
3724,0.00021459771259845983
1935,0.00021415768891879232
147,0.0002140920756148428
2595,0.00021278087868956407
608,0.00021095484888330017
749,0.0002100852491582661
6272,0.0002098975526631363
838,0.00020964943942261357
686,0.0002093224233308024
2544,0.00020903373302914207
3059,0.0002089388110486319
1075,0.00020889787445576883
1550,0.00020768311235077442
3056,0.0002064678404771845
5452,0.0002052900362422399
5155,0.00020498553070915978
3752,0.0002048227933057047
1259,0.0002032051745514512
1548,0.00020252493950719696
3803,0.00020184374371546587
6004,0.00020119014556714825
1964,0.0002006556412200592
1646,0.00019966738194837085
2900,0.00019959980344531658
3125,0.00019871456433267535
339,0.00019870853296203293
1055,0.0001984869675817933
5680,0.00019839766298997637
1596,0.00019748022591823197
6097,0.00019719579213910564
7005,0.00019676356905502044
232,0.00019656810295855666
1285,0.0001965081984429457
7120,0.00019640717784147706
6855,0.00019548549256145152
6043,0.0001948757587487992
2210,0.0001935920490601003
3260,0.00019306828647438137
5285,0.0001924051361829158
7649,0.00019221914690260942
1044,0.00019176902995471617
1441,0.0001908150389774126
567,0.00019076257128639143
4884,0.00019028947906582708
4534,0.00018991979299598437
2765,0.00018927604347841208
3958,0.0001892334736263022
1035,0.00018883897120799162
2727,0.00018868590181182345
7835,0.00018777527716164812
4994,0.00018731290749373058
5222,0.00018632902353151563
2981,0.00018497115384354527
1236,0.0001844772463507023
6993,0.00018443919031949828
153,0.0001830528142342705
1506,0.0001815771017795271
2225,0.0001815516447488083
2435,0.00018153420873071963
1390,0.0001811545312650733
3461,0.00018100249583993997
3607,0.0001803886714658248
2819,0.00017910002836015503
2925,0.00017902118532941449
3455,0.00017830065190399636
6924,0.00017773222105408126
2223,0.00017770199754321743
6994,0.00017639412884843736
840,0.00017616619936210113
3148,0.0001759647085897361
1248,0.00017528557617309417
7862,0.00017504750618331573
1127,0.00017458945818683567
4531,0.00017330324778640931
1360,0.00017326680620119656
4983,0.00017087767901705653
89,0.00017058303404381803
5437,0.0001695662415226299
325,0.00016952289829889083
4361,0.00016937372299713282
1012,0.0001685452189737042
192,0.00016810622784433688
1190,0.00016808529282308054
3660,0.00016794437406273486
2618,0.00016718912287082697
4098,0.000167186457936933
5199,0.0001665823322728667
1918,0.00016652614917844616
6243,0.00016487875919735245
2356,0.00016455153307143327
959,0.00016446393864505738
1032,0.00016436544816389486
236,0.00016420246348676235
5037,0.0001639915188081977
643,0.000162569487451278
5499,0.00016159527767962444
1284,0.0001614901016054696
3033,0.00016111037939211186
1103,0.00016090457226461725
5487,0.00016081781469258006
1792,0.0001607924568225386
226,0.0001606873919734607
6875,0.00016008007489123294
2475,0.00015961352364644429
1992,0.0001592347240554422
3310,0.0001584932663464923
154,0.00015812774701967345
2354,0.00015767742073756697
3297,0.0001575133095513094
4266,0.00015700730368023948
2612,0.00015670764689342868
6323,0.0001566748437155703
2665,0.0001556231424367505
7050,0.0001554521011245291
3873,0.0001552299834330101
1612,0.00015462714469156673
7833,0.00015437253097693595
6241,0.00015363075686624484
34,0.00015278122374341054
5829,0.00015263019373294013
1592,0.00015237352707159272
2760,0.00015087465436923597
822,0.00015064722894087305
321,0.00015030114006632733
4507,0.00014922694177893283
4798,0.0001490563972290847
4977,0.00014841664489657826
1859,0.00014841024719390816
1985,0.00014838170077001862
7295,0.00014833537891491288
6772,0.0001477866349348832
4764,0.00014744926113665905
1749,0.00014675916004094843
403,0.00014619896581353621
135,0.00014563409698140054
6833,0.0001452658243555183
1501,0.00014507371059010988
1555,0.00014505159313259625
4013,0.0001445052411886601
3835,0.0001444176466594067
5289,0.00014376213080189638
3173,0.00014313837649092216
960,0.000143040846488523
707,0.00014237459194342783
659,0.0001423507834592914
1230,0.00014191466635760032
6330,0.00014179402678086265
3106,0.00014155437900523194
1310,0.0001413215688011389
565,0.00014100927320882152
1241,0.00014088812277143363
7400,0.00014067719165343492
4500,0.00014028375856887216
844,0.00014003986196541122
7860,0.00013988386005884122
6347,0.00013967102713969594
6320,0.00013932460741699536
6174,0.0001389526416388338
105,0.00013816616663463098
1816,0.00013781473349259063
6709,0.00013764656815415656
5760,0.00013678667791327452
2117,0.00013599694361742217
6976,0.00013587341873967936
2968,0.0001350738361277402
140,0.0001350269332532039
1419,0.00013453956849036539
587,0.00013273742621051264
1296,0.00013264290143816528
6442,0.00013239280431885076
4276,0.00013200172925989872
1566,0.00013194613622492015
1613,0.0001311406343401596
994,0.00013057960163348912
6221,0.0001300157257780368
5182,0.00012996396628415466
6918,0.0001296949454856277
150,0.0001289023569698242
1603,0.00012797071470020175
1707,0.00012677568706886253
2209,0.00012676843176853667
1865,0.00012641767529435804
1966,0.00012619920601270452
341,0.00012579842276797467
1382,0.00012575992573096026
706,0.00012562356164595853
2999,0.00012539482012728732
948,0.00012509997820850155
2322,0.00012485073231247674
5799,0.00012476000371410128
2974,0.0001242259213766835
2364,0.00012341494439796372
3661,0.000123273460571113
859,0.0001232547559137862
982,0.00012307867952928133
348,0.00012177700731553722
163,0.00012133967348584093
1781,0.00012015343981556713
5215,0.00012010935592516289
405,0.00011975471687516141
363,0.00011971708687679571
1537,0.00011967335869409268
928,0.00011944093100634035
1322,0.00011865128006157392
943,0.00011850924059368031
1416,0.00011847823592181065
5384,0.00011837638853973053
1159,0.00011739792909861348
1746,0.00011671912154981361
2332,0.00011641401322476707
4134,0.00011568793344142609
3720,0.00011472624617752595
7389,0.00011443371445217047
1482,0.00011414884224065892
4055,0.00011397307946161299
2768,0.00011395826596646426
2799,0.00011358545339352448
4588,0.0001131446501180313
4929,0.00011295335866633807
1022,0.00011220352151219021
2277,0.00011178262502702754
3770,0.00011150562903912997
5671,0.0001113305489601278
1583,0.00011092330179769938
592,0.00011079121275423677
6151,0.00011026186060244537
802,0.00010992093223721611
1658,0.00010858171391437413
4263,0.00010787580172880045
2662,0.00010785505860140365
415,0.0001076439216378594
2724,0.00010725339383571915
3463,0.0001059936529837765
4435,0.00010596368340305374
54,0.00010591081529808075
2856,0.00010584070237222152
2324,0.00010506996619328108
1730,0.00010496550062659767
5897,0.000104846984562846
2294,0.00010479813326875663
7088,0.00010403666986416245
4530,0.00010352488761348752
5650,0.00010315806526857256
5969,0.00010310848332287279
2307,0.00010285280924235387
1444,0.00010261963692097422
4777,0.00010246789093092571
5072,0.00010244349354993486
2116,0.00010220296690471387
5466,0.00010214992073564784
7023,0.00010206252206078712
1637,0.00010202258786758341
3036,0.00010195482986297422
7653,0.00010193296763152012
6094,0.00010123426638326182
7910,0.00010025792447714371
324,9.962941746385566e-05
559,9.962814687738845e-05
1407,9.932497679425289e-05
5563,9.915899549566508e-05
2416,9.905507532682364e-05
2951,9.888683360428934e-05
733,9.874333457424885e-05
2787,9.861356240129459e-05
797,9.792719979868542e-05
1154,9.763666695768156e-05
1991,9.744615372648903e-05
6280,9.692331320738579e-05
1534,9.681493753560224e-05
5341,9.677543429169602e-05
1833,9.668034400241189e-05
1520,9.665927384366211e-05
6227,9.642825237051193e-05
2325,9.619869987944145e-05
1493,9.616227793494615e-05
1377,9.609286555736467e-05
613,9.571696705933435e-05
1394,9.570602055037161e-05
2917,9.551831570091303e-05
4527,9.526087071015429e-05
6023,9.519728610751026e-05
6789,9.51329893688719e-05
6424,9.502313392102684e-05
5121,9.488134521540137e-05
4220,9.48313463187961e-05
1641,9.44298428663955e-05
1733,9.427531724074093e-05
677,9.416809362960182e-05
691,9.394561708970079e-05
853,9.369560721191596e-05
4689,9.36348258899925e-05
175,9.360948699485288e-05
6262,9.346271814506848e-05
2993,9.341758233144117e-05
2181,9.327854459359534e-05
3103,9.296862423428818e-05
440,9.272864441997819e-05
5061,9.245899661976947e-05
2091,9.219393760099702e-05
32,9.21405190397813e-05
6809,9.20996497034997e-05
5295,9.182358105058803e-05
673,9.173397790749636e-05
4468,9.1097639066006e-05
730,8.98140955727476e-05
794,8.965291704481074e-05
1353,8.948244557430427e-05
4127,8.944521373817634e-05
3919,8.850793173104414e-05
696,8.819707722912778e-05
4827,8.815741451276934e-05
1034,8.809832858303728e-05
873,8.742470357563557e-05
5623,8.727675530233162e-05
4162,8.683333422184035e-05
3073,8.578045595307122e-05
1439,8.529878835327832e-05
1234,8.461883064485933e-05
1239,8.428787525941794e-05
5454,8.359488353429156e-05
7544,8.347750067194867e-05
2206,8.344047496930981e-05
5798,8.280265226911804e-05
3293,8.268528720219955e-05
3200,8.235634114664633e-05
1915,8.223563609011164e-05
798,8.209154816004779e-05
2592,8.1667056708445e-05
2338,8.114767568464624e-05
5684,8.11187378128726e-05
2246,8.107468709096166e-05
3150,8.059426741658087e-05
3871,8.056389089626606e-05
4980,7.944543463156972e-05
918,7.867471421765552e-05
1018,7.818617416904223e-05
647,7.79890945013789e-05
439,7.786380451931725e-05
168,7.782813083061151e-05
664,7.782186522787093e-05
246,7.75023135788151e-05
6613,7.651614318507202e-05
2708,7.633382716114027e-05
5902,7.627625635806166e-05
350,7.527179196750645e-05
4814,7.47793597729566e-05
4604,7.469060325532759e-05
956,7.446966383906149e-05
227,7.397703372969116e-05
261,7.395544434050114e-05
4355,7.379214788971907e-05
1315,7.329054295504717e-05
1706,7.307273272354341e-05
2834,7.272401361555817e-05
6447,7.242224909005527e-05
2129,7.188953715366487e-05
3433,7.147520290252469e-05
302,7.143973123372383e-05
4879,7.140986218510949e-05
4625,7.070179767857735e-05
947,7.032858687396911e-05
2830,7.031635480270181e-05
795,7.026714337694126e-05
5012,6.997271389401573e-05
764,6.994211174851768e-05
4422,6.992324901884583e-05
3,6.987222987128784e-05
1547,6.93838492227499e-05
3393,6.807091400733402e-05
19,6.783210664008847e-05
1732,6.769269139802813e-05
2016,6.737516530083843e-05
1196,6.691116344046868e-05
7393,6.68877805518768e-05
38,6.668692344650273e-05
64,6.618548896694022e-05
3483,6.517875807422562e-05
4944,6.478435684412064e-05
810,6.477779030055027e-05
3007,6.461893720685056e-05
6712,6.46019561198188e-05
4412,6.411570151949333e-05
887,6.3827806722219e-05
1100,6.365697543921175e-05
7277,6.349196417268461e-05
3309,6.338029334425222e-05
4189,6.318234977196132e-05
682,6.303382489137307e-05
2811,6.260056200955138e-05
1221,6.237566262931952e-05
719,6.191139785950414e-05
907,6.067218526908303e-05
257,6.0429644353144084e-05
3557,5.89906220390334e-05
5430,5.898422586355881e-05
30,5.883161492398608e-05
2511,5.8195065556023874e-05
447,5.795222859432372e-05
6170,5.7950193124752815e-05
650,5.7503366177507676e-05
604,5.744699889345781e-05
4706,5.69871296368579e-05
579,5.689439328271541e-05
3717,5.655000942658843e-05
2815,5.632128675731702e-05
658,5.6305058658130535e-05
5584,5.6108857314718313e-05
1714,5.6091613930122304e-05
913,5.595158994126804e-05
7237,5.560744393203273e-05
1984,5.5450076754712096e-05
372,5.496612922871348e-05
1857,5.4685868448232885e-05
6421,5.445978460859185e-05
2241,5.4236862019391917e-05
2234,5.3664123458559456e-05
7928,5.2873238160178475e-05
3664,5.262762995703468e-05
4269,5.25435717051103e-05
2599,5.249129562221305e-05
2133,5.2443620767228236e-05
791,5.235594428310641e-05
2764,5.2310501564837845e-05
362,5.1677075881553055e-05
2340,5.156077138132049e-05
2912,5.155331196064555e-05
1961,5.14284184322019e-05
7443,5.137817010797833e-05
7449,5.098826236561892e-05
636,5.0481272063576034e-05
5511,5.035080714632692e-05
1524,5.03344659138247e-05
1587,5.031390901533284e-05
861,4.980257043876991e-05
3629,4.959702098151681e-05
2182,4.954885481588897e-05
5705,4.9519265406845005e-05
5936,4.9319560667461995e-05
1687,4.8932529781089276e-05
3002,4.8868845306390294e-05
3313,4.8763815872799164e-05
5933,4.869468509426587e-05
1446,4.8604634506926375e-05
7517,4.860371076774332e-05
601,4.8561403633875975e-05
3576,4.832170208536393e-05
1326,4.832033714426425e-05
5255,4.8282813316807724e-05
5415,4.8107451163704864e-05
7726,4.806735658415955e-05
6765,4.797307320894893e-05
4024,4.794157564183929e-05
2617,4.7920559740179576e-05
5932,4.7878728347096595e-05
2918,4.7742661220475405e-05
3842,4.765070003376689e-05
4234,4.764807167233303e-05
1716,4.7621672743019065e-05
6755,4.754960319263606e-05
8042,4.748078037631395e-05
3180,4.7440159967667246e-05
5500,4.7432459314801955e-05
2242,4.7424538352936386e-05
2168,4.7378402040325306e-05
684,4.720549943889015e-05
7351,4.716526007807554e-05
1432,4.7044311908390526e-05
5776,4.702077954839112e-05
2736,4.701661770684131e-05
1038,4.70156459039934e-05
628,4.695450066834522e-05
5639,4.694198156591115e-05
4986,4.677590572573794e-05
3346,4.656191903445151e-05
4078,4.650982567242324e-05
5801,4.6408284228524526e-05
2645,4.638215587224333e-05
6491,4.619527526792074e-05
1232,4.619370970801301e-05
7810,4.609913453361877e-05
2163,4.607500150929816e-05
93,4.606127275649053e-05
4471,4.590374632529036e-05
1664,4.5775795338925397e-05
3591,4.5769048668980347e-05
2365,4.576904866898032e-05
8021,4.576398004101159e-05
1261,4.539959779821731e-05
3726,4.500599380302264e-05
1510,4.474575358742539e-05
5772,4.432278023625132e-05
1837,4.4217908588835896e-05
7791,4.421253273241527e-05
7493,4.382989318329912e-05
1378,4.351053323531829e-05
1848,4.3299445845645505e-05
4715,4.3282014454586044e-05
5387,4.288601906661201e-05
3973,4.2617506542033615e-05
2109,4.191417858825365e-05
3140,4.1299916134384275e-05
298,4.1066334448431734e-05
5421,4.098626428348927e-05
4211,4.0967069611167046e-05
222,3.9293777376632885e-05
525,3.917973427894127e-05
1043,3.72510613257432e-05
3145,3.682671259319712e-05
2097,3.6741562665122834e-05
1023,3.664115103294089e-05
1757,3.639567524789285e-05
1468,3.614208128786376e-05
6945,3.5764347427257846e-05
836,3.543919443902947e-05
705,3.497314420557328e-05
5273,3.4918711135388837e-05
590,3.4823435627436097e-05
2071,3.420136273910886e-05
3800,3.351488877123793e-05
820,3.297890278176524e-05
7695,3.26429402029079e-05
1124,3.261132315064311e-05
7588,3.13077042549573e-05
3922,3.092268349895422e-05
1662,3.089421672765183e-05
3320,3.0325236602660893e-05
5827,2.9931160286624558e-05
4966,2.977032010714703e-05
803,2.9726760945822232e-05
2376,2.959713189731212e-05
908,2.8770492044917832e-05
6552,2.856467468586183e-05
3554,2.7992174731366846e-05
1393,2.7803522995260402e-05
1680,2.7521709934890788e-05
4938,2.7412252586923014e-05
7262,2.7330476437615757e-05
6198,2.7070639446629422e-05
216,2.6960831800749484e-05
837,2.637442006877713e-05
3109,2.618944773164172e-05
4298,2.5721716116073202e-05
1628,2.537803724349307e-05
1965,2.4739252999750214e-05
938,2.4481962574703093e-05
1282,2.392954814757037e-05
5809,2.3874839423692132e-05
2838,2.387421863681538e-05
3567,2.3857522206756724e-05
6501,2.3813714263301422e-05
1565,2.3696979987785682e-05
5721,2.3468095207481452e-05
6595,2.2563594194706605e-05
3785,2.2108339767347743e-05
5630,2.1553182552621967e-05
1160,2.1255305209060406e-05
7675,2.1213619449022674e-05
2128,2.097046572172542e-05
5928,2.018658824439538e-05
968,2.0054724233735257e-05
2687,1.990554381888002e-05
6360,1.985750505461072e-05
6503,1.9514232468014934e-05
885,1.9389715311618694e-05
981,1.892641149983407e-05
2069,1.8746148964482883e-05
1610,1.873312487207293e-05
5709,1.823589814502481e-05
586,1.8027780459121286e-05
3021,1.779766694833882e-05
5614,1.759592703960269e-05
4550,1.754771932394989e-05
7691,1.7528200058779322e-05
2914,1.7445798214253402e-05
228,1.7263062987845985e-05
7362,1.6941552240081886e-05
3301,1.6678536871325488e-05
5922,1.6622269066505226e-05
725,1.6543138489755807e-05
985,1.616515950063018e-05
564,1.6063020416782917e-05
3949,1.5747543323610996e-05
5620,1.5727447987325903e-05
3029,1.5364752534139686e-05
4290,1.5182999606769644e-05
7666,1.5040891281780908e-05
6098,1.4537411252667772e-05
4482,1.4465515033453192e-05
584,1.4274862369768004e-05
999,1.3966285046008007e-05
1465,1.3713923756011795e-05
1653,1.3646500326281735e-05
1114,1.3218210360612042e-05
5950,1.3180065002732918e-05
429,1.293714166258302e-05
2647,1.2903173533728338e-05
4934,1.2898608921493925e-05
130,1.2540242834584426e-05
2342,1.2469647361810523e-05
427,1.2404769158066992e-05
5980,1.2310100292730503e-05
1770,1.2001852865370141e-05
3435,1.1861577793565265e-05
5753,1.1693725706226506e-05
1747,1.0930878372129413e-05
291,1.0678250382664934e-05
3555,1.0615256115023359e-05
1420,1.061182983959195e-05
224,1.049860208826137e-05
5640,1.0271130463759511e-05
1678,1.021095630022409e-05
258,1.002581692411708e-05
674,9.970936081582104e-06
6759,9.953836969354023e-06
7490,9.556568234119209e-06
1144,9.226413465741042e-06
645,9.111664090485261e-06
5626,9.033139432466683e-06
273,8.975293043077866e-06
5323,8.826944845326468e-06
5177,8.714325453713251e-06
1060,8.642469757474691e-06
4233,8.489928438312072e-06
895,8.41019051859086e-06
2233,8.202630718505828e-06
1375,8.185143024439624e-06
3646,8.10637269637014e-06
6938,7.899120669932866e-06
4351,7.817374980204927e-06
3885,7.78528234304438e-06
717,7.744840777362729e-06
3556,7.505340563986977e-06
4111,7.325176975589078e-06
2053,7.195047964260719e-06
1411,7.138170471216709e-06
6783,7.086201571724355e-06
7647,6.9019909873443026e-06
6462,6.851249125177202e-06
897,6.7776034750001365e-06
1243,6.692366662335083e-06
3971,6.6870013790217795e-06
2178,6.2961118231421135e-06
827,6.1571151834608524e-06
823,5.980533690761591e-06
5527,5.659670864704863e-06
4992,5.498197093394248e-06
1604,5.480228338420619e-06
2366,5.299017674419165e-06
1128,5.005863012058745e-06
675,4.966296542142918e-06
618,4.822682659033718e-06
2119,4.5511498490680695e-06
8037,4.514327243033368e-06
391,4.509578450791929e-06
1979,4.429231234387583e-06
1061,4.37636709750965e-06
4786,4.315910911030622e-06
2597,3.989862228080924e-06
4341,3.987982358506778e-06
7701,3.940364992857124e-06
6570,3.920404874170744e-06
1168,3.863947104695564e-06
5239,3.7433579147386534e-06
4993,3.70994517436552e-06
2552,3.6635674469957633e-06
1805,3.602440244276112e-06
744,3.562294409460756e-06
7618,3.363073160394932e-06
4009,3.3502563329819436e-06
7341,3.3446460213360765e-06
1723,3.306008682927172e-06
3912,3.285092575560021e-06
368,3.2337749591992477e-06
1758,3.2255570572791372e-06
314,3.2192479210957864e-06
882,3.140331620323091e-06
3804,3.050613916535184e-06
1569,3.043537182913631e-06
1927,2.997304864886713e-06
1039,2.8516159236410407e-06
4645,2.825114812148587e-06
2112,2.808116266245176e-06
903,2.7879074592834054e-06
963,2.773427299516871e-06
5296,2.7112229803016233e-06
554,2.4502959405011883e-06
488,2.4287335741887255e-06
3256,2.3628741076734162e-06
7924,2.3212903204364275e-06
6047,2.318020814596384e-06
4103,2.3081536991701114e-06
8050,2.284388766532044e-06
5312,2.271482815130432e-06
606,2.210024988324262e-06
3255,2.102485903185054e-06
6311,2.079022911405144e-06
2721,1.9445445674846856e-06
6869,1.927610731290307e-06
5651,1.9018411619651814e-06
668,1.805314615522925e-06
2570,1.7701364533311513e-06
575,1.7698040712482036e-06
6029,1.720100993579768e-06
6344,1.7007468638932313e-06
1260,1.608090175602001e-06
3538,1.5517315718813924e-06
3338,1.5484232978988174e-06
4331,1.4597084243043674e-06
5972,1.4447945450011316e-06
7874,1.4401579416126754e-06
338,1.43963868266177e-06
1507,1.416538196951986e-06
7110,1.3370450799581558e-06
1692,1.2578769650409964e-06
4558,1.2558794287727526e-06
6737,1.2112385993608569e-06
3772,1.1649026059284435e-06
3809,1.1196072486104466e-06
3681,1.1042016173553752e-06
657,1.1030411555803196e-06
108,1.0410893008589586e-06
6611,9.527841824520341e-07
6130,9.447591864789078e-07
7116,8.318918688830681e-07
1901,8.241858751177683e-07
852,8.233652922021487e-07
7243,8.084478929386384e-07
6474,7.763647215300494e-07
5757,7.64186684652585e-07
4068,7.542002964552176e-07
1955,7.505010572428031e-07
4866,7.409338746956584e-07
1141,7.358041680342682e-07
5887,7.176962324824534e-07
748,7.161414388254694e-07
1858,7.086842660045112e-07
932,6.987187131022591e-07
6953,6.939452713281571e-07
5784,6.800990328126796e-07
7407,6.690963971572605e-07
4216,6.65220430657781e-07
2844,6.602774859697643e-07
3465,6.552533085854907e-07
301,6.369000996212422e-07
2638,6.24884321942199e-07
7365,6.198007965873932e-07
7593,6.05366766894844e-07
7520,5.71351034921289e-07
3126,5.666836692613957e-07
6923,5.459233857757107e-07
2378,5.424936295204005e-07
6813,5.232006559758126e-07
7146,5.162991571671004e-07
8134,5.127288386611474e-07
3911,5.091821487550592e-07
5790,4.955549826386908e-07
7648,4.867308327730985e-07
3999,4.758763250452506e-07
4631,4.6999384444035836e-07
3980,4.683437195917311e-07
3409,4.646330505669432e-07
723,4.570925361613741e-07
7387,4.5234280670746765e-07
5406,4.2513956697420284e-07
4051,4.1910894489573033e-07
2672,3.907863761906386e-07
349,3.8921429685063013e-07
5043,3.808581743393698e-07
983,3.7778710916189636e-07
616,3.710488704297462e-07
5837,3.7002803330692895e-07
2281,3.6180067778522807e-07
5306,3.515928490309164e-07
7642,3.270419498218298e-07
3520,3.0491902201005545e-07
5569,3.034010875749848e-07
1777,3.0122548944725256e-07
8263,2.9698221224356007e-07
6917,2.710080393783734e-07
6110,2.589856627176873e-07
6592,2.1839561502717692e-07
4778,2.1586347416352538e-07
3271,2.0774121722242466e-07
1619,2.0126544813817162e-07
3235,1.8918050874337355e-07
5141,1.7874232596121022e-07
3171,1.7490888837325638e-07
2083,1.7273584880048345e-07
7222,1.6790279881056003e-07
3114,1.6652089221955472e-07
2928,1.616838128387043e-07
2092,1.5114512672313736e-07
624,1.4434575114551405e-07
4231,1.4407190595952027e-07
2121,1.40626365118775e-07
3285,1.2975804411181326e-07
7740,1.1325351046931885e-07
1636,1.0796542307121633e-07
7634,1.0314618818310947e-07
1689,1.0178210251577922e-07
1472,9.700758855743897e-08
3888,8.36285539925967e-08
8204,7.96989524246284e-08
1581,7.747870132173542e-08
8271,6.714037223654887e-08
7062,6.616533829659501e-08
5267,6.255497136534076e-08
2607,3.274429747342356e-08
3832,3.1952553953077655e-08
2818,2.470263853032186e-08
5713,2.4428164768873837e-08
188,1.6468425686881238e-09
1412,0.0
7478,0.0
214,0.0
271,0.0
286,0.0
300,0.0
581,0.0
611,0.0
8283,0.0
25,0.0
252,0.0
299,0.0
322,0.0
358,0.0
370,0.0
373,0.0
377,0.0
379,0.0
422,0.0
428,0.0
514,0.0
739,0.0
756,0.0
857,0.0
864,0.0
893,0.0
1131,0.0
3755,0.0
8282,0.0
8284,0.0
4,0.0
5,0.0
61,0.0
167,0.0
183,0.0
219,0.0
250,0.0
274,0.0
359,0.0
378,0.0
390,0.0
392,0.0
394,0.0
396,0.0
402,0.0
421,0.0
431,0.0
433,0.0
435,0.0
538,0.0
566,0.0
589,0.0
609,0.0
617,0.0
619,0.0
656,0.0
694,0.0
700,0.0
741,0.0
765,0.0
779,0.0
881,0.0
906,0.0
936,0.0
955,0.0
966,0.0
972,0.0
979,0.0
991,0.0
995,0.0
1007,0.0
1014,0.0
1026,0.0
1152,0.0
1218,0.0
1220,0.0
1222,0.0
1321,0.0
1389,0.0
1396,0.0
1453,0.0
1464,0.0
1476,0.0
1478,0.0
1484,0.0
1485,0.0
1490,0.0
1513,0.0
1514,0.0
1518,0.0
1531,0.0
1532,0.0
1533,0.0
1556,0.0
1557,0.0
1563,0.0
1573,0.0
1597,0.0
1648,0.0
1652,0.0
1654,0.0
1657,0.0
1669,0.0
1679,0.0
1718,0.0
1752,0.0
1768,0.0
1774,0.0
1787,0.0
1788,0.0
1798,0.0
1861,0.0
1864,0.0
2409,0.0
2843,0.0
3892,0.0
4942,0.0
6965,0.0
7161,0.0
7632,0.0
8290,0.0
7,0.0
524,0.0
1425,0.0
8287,0.0
144,0.0
389,0.0
506,0.0
607,0.0
622,0.0
627,0.0
631,0.0
681,0.0
687,0.0
778,0.0
806,0.0
817,0.0
866,0.0
868,0.0
875,0.0
878,0.0
977,0.0
1092,0.0
9,0.0
517,0.0
1580,0.0
1618,0.0
743,0.0
746,0.0
750,0.0
11,0.0
332,0.0
793,0.0
829,0.0
839,0.0
849,0.0
929,0.0
934,0.0
942,0.0
945,0.0
958,0.0
989,0.0
1186,0.0
1191,0.0
1250,0.0
1307,0.0
1330,0.0
1372,0.0
1402,0.0
1413,0.0
1418,0.0
1435,0.0
1437,0.0
1486,0.0
1629,0.0
1633,0.0
1649,0.0
1672,0.0
1726,0.0
1771,0.0
1780,0.0
1791,0.0
1802,0.0
1842,0.0
1880,0.0
1884,0.0
1893,0.0
1903,0.0
1920,0.0
1953,0.0
1956,0.0
1963,0.0
1969,0.0
1973,0.0
1983,0.0
1987,0.0
2004,0.0
2007,0.0
2055,0.0
2060,0.0
2066,0.0
2073,0.0
2076,0.0
2079,0.0
2101,0.0
2137,0.0
2151,0.0
2157,0.0
2202,0.0
2205,0.0
2253,0.0
2273,0.0
2329,0.0
2333,0.0
2339,0.0
2341,0.0
2345,0.0
2350,0.0
2362,0.0
2385,0.0
2397,0.0
2400,0.0
2426,0.0
2470,0.0
2479,0.0
2484,0.0
2490,0.0
2499,0.0
2575,0.0
2579,0.0
2580,0.0
2604,0.0
2625,0.0
2643,0.0
2669,0.0
2685,0.0
2720,0.0
2754,0.0
2763,0.0
2777,0.0
2794,0.0
3014,0.0
3117,0.0
3136,0.0
3464,0.0
3529,0.0
3537,0.0
3650,0.0
3680,0.0
3807,0.0
3847,0.0
3903,0.0
3926,0.0
3937,0.0
3967,0.0
3970,0.0
4011,0.0
4021,0.0
4043,0.0
4058,0.0
4088,0.0
4179,0.0
4247,0.0
4256,0.0
4289,0.0
4299,0.0
4384,0.0
4417,0.0
4424,0.0
4463,0.0
4510,0.0
4528,0.0
4578,0.0
4613,0.0
4719,0.0
4808,0.0
4811,0.0
4820,0.0
4962,0.0
5026,0.0
5055,0.0
5073,0.0
5092,0.0
5100,0.0
5130,0.0
5132,0.0
5144,0.0
6496,0.0
6715,0.0
6739,0.0
8286,0.0
8291,0.0
8293,0.0
12,0.0
3371,0.0
13,0.0
14,0.0
477,0.0
1053,0.0
1123,0.0
8285,0.0
4561,0.0
4658,0.0
7871,0.0
8292,0.0
16,0.0
17,0.0
18,0.0
20,0.0
2165,0.0
2348,0.0
2828,0.0
2877,0.0
3516,0.0
4373,0.0
5327,0.0
5780,0.0
8288,0.0
21,0.0
2814,0.0
22,0.0
670,0.0
1593,0.0
24,0.0
2922,0.0
2926,0.0
2955,0.0
2963,0.0
3164,0.0
3351,0.0
3408,0.0
3410,0.0
3473,0.0
4349,0.0
4953,0.0
4999,0.0
5412,0.0
5863,0.0
6441,0.0
6566,0.0
6948,0.0
6955,0.0
7119,0.0
7143,0.0
7144,0.0
1030,0.0
1077,0.0
2801,0.0
6251,0.0
3489,0.0
4303,0.0
5459,0.0
6437,0.0
7115,0.0
7289,0.0
7908,0.0
8174,0.0
37,0.0
4735,0.0
40,0.0
26,0.0
419,0.0
41,0.0
42,0.0
7108,0.0
43,0.0
44,0.0
2652,0.0
4875,0.0
6306,0.0
6432,0.0
8295,0.0
45,0.0
46,0.0
3506,0.0
47,0.0
1300,0.0
2185,0.0
3946,0.0
8212,0.0
8294,0.0
48,0.0
51,0.0
52,0.0
53,0.0
4183,0.0
4235,0.0
4389,0.0
5545,0.0
6498,0.0
7040,0.0
714,0.0
1020,0.0
515,0.0
2211,0.0
57,0.0
58,0.0
8237,0.0
59,0.0
1595,0.0
2946,0.0
2966,0.0
2977,0.0
2979,0.0
6166,0.0
60,0.0
7624,0.0
62,0.0
2247,0.0
27,0.0
5210,0.0
5743,0.0
5844,0.0
6246,0.0
63,0.0
65,0.0
66,0.0
7961,0.0
5683,0.0
6832,0.0
6979,0.0
7620,0.0
8128,0.0
73,0.0
76,0.0
78,0.0
1192,0.0
79,0.0
930,0.0
77,0.0
81,0.0
83,0.0
91,0.0
67,0.0
84,0.0
85,0.0
2809,0.0
3050,0.0
5449,0.0
6930,0.0
7553,0.0
71,0.0
2106,0.0
4780,0.0
5058,0.0
7809,0.0
7921,0.0
87,0.0
4332,0.0
4453,0.0
5308,0.0
5392,0.0
5732,0.0
5737,0.0
5963,0.0
6296,0.0
6337,0.0
6400,0.0
6407,0.0
6553,0.0
7381,0.0
7662,0.0
8141,0.0
88,0.0
1270,0.0
3921,0.0
3974,0.0
90,0.0
92,0.0
82,0.0
99,0.0
7574,0.0
7803,0.0
8132,0.0
96,0.0
100,0.0
98,0.0
31,0.0
102,0.0
103,0.0
2589,0.0
5503,0.0
6589,0.0
6967,0.0
7074,0.0
115,0.0
116,0.0
104,0.0
106,0.0
68,0.0
2973,0.0
3307,0.0
3376,0.0
3816,0.0
4584,0.0
4896,0.0
5245,0.0
5288,0.0
5351,0.0
5463,0.0
5637,0.0
5745,0.0
5848,0.0
5860,0.0
5886,0.0
5925,0.0
5994,0.0
6083,0.0
6124,0.0
6505,0.0
6599,0.0
6682,0.0
7094,0.0
7168,0.0
7795,0.0
7839,0.0
8178,0.0
117,0.0
118,0.0
119,0.0
107,0.0
109,0.0
4940,0.0
5465,0.0
6328,0.0
6376,0.0
6417,0.0
6464,0.0
6481,0.0
6511,0.0
6528,0.0
6529,0.0
6567,0.0
6576,0.0
6600,0.0
6699,0.0
6788,0.0
6860,0.0
6901,0.0
6980,0.0
7101,0.0
7185,0.0
7373,0.0
7414,0.0
7668,0.0
7694,0.0
7757,0.0
7763,0.0
7788,0.0
8297,0.0
110,0.0
7855,0.0
111,0.0
120,0.0
112,0.0
121,0.0
122,0.0
2805,0.0
3251,0.0
3253,0.0
3580,0.0
3776,0.0
3887,0.0
4117,0.0
4365,0.0
5335,0.0
5506,0.0
5509,0.0
5592,0.0
5947,0.0
7699,0.0
113,0.0
7651,0.0
123,0.0
124,0.0
114,0.0
126,0.0
3265,0.0
3549,0.0
3713,0.0
3769,0.0
128,0.0
1950,0.0
2386,0.0
129,0.0
133,0.0
134,0.0
136,0.0
4713,0.0
6472,0.0
6628,0.0
6670,0.0
6707,0.0
6725,0.0
6777,0.0
6805,0.0
6997,0.0
7442,0.0
137,0.0
138,0.0
139,0.0
141,0.0
142,0.0
143,0.0
145,0.0
6720,0.0
146,0.0
1140,0.0
149,0.0
7587,0.0
7604,0.0
7652,0.0
7672,0.0
7927,0.0
156,0.0
157,0.0
158,0.0
159,0.0
160,0.0
161,0.0
1240,0.0
3429,0.0
162,0.0
6691,0.0
165,0.0
172,0.0
3030,0.0
3099,0.0
3243,0.0
3670,0.0
173,0.0
6269,0.0
6606,0.0
7813,0.0
174,0.0
74,0.0
176,0.0
177,0.0
4646,0.0
179,0.0
180,0.0
181,0.0
166,0.0
8079,0.0
8083,0.0
8163,0.0
8198,0.0
185,0.0
194,0.0
187,0.0
189,0.0
196,0.0
190,0.0
197,0.0
195,0.0
198,0.0
199,0.0
191,0.0
200,0.0
201,0.0
202,0.0
203,0.0
205,0.0
206,0.0
207,0.0
208,0.0
209,0.0
210,0.0
125,0.0
215,0.0
2195,0.0
217,0.0
221,0.0
223,0.0
1793,0.0
225,0.0
240,0.0
242,0.0
244,0.0
245,0.0
247,0.0
231,0.0
233,0.0
234,0.0
235,0.0
237,0.0
8121,0.0
248,0.0
238,0.0
239,0.0
169,0.0
253,0.0
254,0.0
1287,0.0
256,0.0
260,0.0
5828,0.0
6840,0.0
263,0.0
264,0.0
265,0.0
5083,0.0
266,0.0
267,0.0
268,0.0
269,0.0
270,0.0
276,0.0
277,0.0
275,0.0
241,0.0
283,0.0
284,0.0
287,0.0
288,0.0
289,0.0
4466,0.0
4776,0.0
294,0.0
292,0.0
293,0.0
295,0.0
296,0.0
297,0.0
5793,0.0
249,0.0
303,0.0
1277,0.0
307,0.0
320,0.0
309,0.0
2425,0.0
3068,0.0
4650,0.0
312,0.0
315,0.0
316,0.0
305,0.0
318,0.0
2629,0.0
3547,0.0
4551,0.0
4954,0.0
5075,0.0
329,0.0
330,0.0
323,0.0
326,0.0
331,0.0
327,0.0
251,0.0
328,0.0
333,0.0
335,0.0
7497,0.0
7688,0.0
4403,0.0
336,0.0
7450,0.0
337,0.0
340,0.0
1266,0.0
2670,0.0
342,0.0
343,0.0
344,0.0
2501,0.0
345,0.0
3104,0.0
3446,0.0
4822,0.0
351,0.0
355,0.0
352,0.0
353,0.0
357,0.0
193,0.0
364,0.0
365,0.0
366,0.0
369,0.0
367,0.0
6388,0.0
7422,0.0
374,0.0
375,0.0
376,0.0
386,0.0
381,0.0
382,0.0
387,0.0
101,0.0
383,0.0
384,0.0
393,0.0
395,0.0
6904,0.0
7512,0.0
7890,0.0
397,0.0
398,0.0
6890,0.0
399,0.0
400,0.0
401,0.0
404,0.0
3130,0.0
5559,0.0
5568,0.0
7306,0.0
408,0.0
409,0.0
410,0.0
411,0.0
413,0.0
414,0.0
416,0.0
418,0.0
423,0.0
424,0.0
5835,0.0
6255,0.0
6803,0.0
6982,0.0
7707,0.0
426,0.0
430,0.0
5693,0.0
434,0.0
436,0.0
437,0.0
438,0.0
412,0.0
441,0.0
443,0.0
7992,0.0
444,0.0
451,0.0
448,0.0
449,0.0
3548,0.0
4402,0.0
446,0.0
450,0.0
211,0.0
453,0.0
454,0.0
455,0.0
456,0.0
457,0.0
1600,0.0
2996,0.0
3324,0.0
3849,0.0
4173,0.0
4621,0.0
4797,0.0
4831,0.0
5045,0.0
5148,0.0
5204,0.0
5305,0.0
5513,0.0
5631,0.0
5638,0.0
5663,0.0
5792,0.0
5830,0.0
5832,0.0
5850,0.0
5891,0.0
5931,0.0
5973,0.0
5991,0.0
6009,0.0
6010,0.0
6021,0.0
6106,0.0
6149,0.0
6161,0.0
6261,0.0
6302,0.0
6409,0.0
6554,0.0
6571,0.0
6594,0.0
6632,0.0
6663,0.0
6668,0.0
6685,0.0
6686,0.0
6873,0.0
6897,0.0
7034,0.0
7073,0.0
7491,0.0
7529,0.0
7561,0.0
7946,0.0
7957,0.0
7965,0.0
7979,0.0
8044,0.0
8209,0.0
8219,0.0
8224,0.0
8226,0.0
8249,0.0
458,0.0
460,0.0
461,0.0
462,0.0
463,0.0
3939,0.0
3942,0.0
467,0.0
468,0.0
164,0.0
472,0.0
476,0.0
479,0.0
480,0.0
481,0.0
486,0.0
473,0.0
489,0.0
490,0.0
492,0.0
493,0.0
494,0.0
497,0.0
498,0.0
499,0.0
501,0.0
502,0.0
504,0.0
507,0.0
513,0.0
511,0.0
509,0.0
516,0.0
519,0.0
520,0.0
521,0.0
522,0.0
523,0.0
445,0.0
527,0.0
528,0.0
531,0.0
530,0.0
529,0.0
534,0.0
536,0.0
539,0.0
540,0.0
541,0.0
542,0.0
543,0.0
544,0.0
7646,0.0
546,0.0
3811,0.0
5298,0.0
6590,0.0
551,0.0
218,0.0
547,0.0
548,0.0
550,0.0
552,0.0
553,0.0
555,0.0
556,0.0
557,0.0
558,0.0
561,0.0
562,0.0
563,0.0
568,0.0
569,0.0
570,0.0
571,0.0
572,0.0
573,0.0
574,0.0
576,0.0
577,0.0
578,0.0
580,0.0
583,0.0
582,0.0
4562,0.0
4605,0.0
4728,0.0
585,0.0
588,0.0
591,0.0
595,0.0
593,0.0
596,0.0
594,0.0
597,0.0
598,0.0
599,0.0
6892,0.0
7912,0.0
602,0.0
605,0.0
610,0.0
612,0.0
614,0.0
615,0.0
495,0.0
620,0.0
8289,0.0
621,0.0
625,0.0
632,0.0
5469,0.0
634,0.0
4323,0.0
5539,0.0
6148,0.0
646,0.0
635,0.0
638,0.0
640,0.0
641,0.0
642,0.0
648,0.0
649,0.0
3082,0.0
651,0.0
655,0.0
652,0.0
653,0.0
654,0.0
661,0.0
662,0.0
4480,0.0
666,0.0
639,0.0
669,0.0
672,0.0
4049,0.0
676,0.0
678,0.0
683,0.0
688,0.0
689,0.0
690,0.0
692,0.0
693,0.0
695,0.0
4639,0.0
699,0.0
701,0.0
703,0.0
1819,0.0
708,0.0
709,0.0
3671,0.0
711,0.0
712,0.0
713,0.0
716,0.0
718,0.0
3808,0.0
720,0.0
721,0.0
2571,0.0
2591,0.0
2797,0.0
2821,0.0
2825,0.0
2902,0.0
3609,0.0
5326,0.0
724,0.0
726,0.0
727,0.0
728,0.0
729,0.0
731,0.0
732,0.0
6700,0.0
6933,0.0
7162,0.0
7186,0.0
7323,0.0
7397,0.0
7567,0.0
7658,0.0
7669,0.0
7673,0.0
7730,0.0
7778,0.0
7799,0.0
7819,0.0
8168,0.0
8192,0.0
738,0.0
734,0.0
735,0.0
4385,0.0
4386,0.0
7214,0.0
745,0.0
7683,0.0
751,0.0
754,0.0
752,0.0
753,0.0
755,0.0
758,0.0
759,0.0
5673,0.0
766,0.0
1971,0.0
3319,0.0
3486,0.0
3616,0.0
3856,0.0
4529,0.0
4583,0.0
5033,0.0
7510,0.0
7879,0.0
8073,0.0
767,0.0
768,0.0
770,0.0
772,0.0
773,0.0
774,0.0
736,0.0
775,0.0
776,0.0
786,0.0
788,0.0
780,0.0
781,0.0
782,0.0
783,0.0
5120,0.0
5470,0.0
785,0.0
792,0.0
7899,0.0
796,0.0
799,0.0
800,0.0
801,0.0
804,0.0
807,0.0
808,0.0
811,0.0
812,0.0
3875,0.0
4181,0.0
814,0.0
815,0.0
816,0.0
819,0.0
821,0.0
818,0.0
824,0.0
1970,0.0
3105,0.0
3822,0.0
3908,0.0
4030,0.0
4678,0.0
4783,0.0
5426,0.0
5740,0.0
7250,0.0
8246,0.0
830,0.0
832,0.0
831,0.0
835,0.0
841,0.0
3914,0.0
842,0.0
843,0.0
845,0.0
847,0.0
848,0.0
851,0.0
854,0.0
855,0.0
4014,0.0
2910,0.0
860,0.0
862,0.0
865,0.0
867,0.0
869,0.0
870,0.0
2990,0.0
3023,0.0
874,0.0
876,0.0
877,0.0
879,0.0
3745,0.0
4359,0.0
880,0.0
883,0.0
886,0.0
888,0.0
889,0.0
890,0.0
891,0.0
892,0.0
469,0.0
898,0.0
900,0.0
1323,0.0
902,0.0
2751,0.0
905,0.0
909,0.0
7439,0.0
910,0.0
911,0.0
912,0.0
914,0.0
923,0.0
915,0.0
916,0.0
917,0.0
919,0.0
920,0.0
921,0.0
924,0.0
787,0.0
927,0.0
926,0.0
931,0.0
940,0.0
944,0.0
5253,0.0
949,0.0
950,0.0
951,0.0
954,0.0
957,0.0
961,0.0
965,0.0
962,0.0
964,0.0
933,0.0
969,0.0
970,0.0
973,0.0
3205,0.0
976,0.0
980,0.0
984,0.0
986,0.0
988,0.0
3825,0.0
5417,0.0
8122,0.0
8124,0.0
8130,0.0
987,0.0
990,0.0
992,0.0
996,0.0
998,0.0
1005,0.0
6027,0.0
7436,0.0
1001,0.0
1002,0.0
1003,0.0
1004,0.0
1008,0.0
1011,0.0
1013,0.0
1016,0.0
1017,0.0
1019,0.0
1009,0.0
1021,0.0
1025,0.0
1027,0.0
1028,0.0
1033,0.0
1037,0.0
1040,0.0
1041,0.0
5309,0.0
1042,0.0
1045,0.0
1046,0.0
1047,0.0
1048,0.0
1050,0.0
1052,0.0
1051,0.0
1058,0.0
1059,0.0
1063,0.0
1064,0.0
1067,0.0
1065,0.0
1066,0.0
1070,0.0
1071,0.0
1072,0.0
872,0.0
6769,0.0
6850,0.0
1084,0.0
1078,0.0
1079,0.0
1081,0.0
1082,0.0
1083,0.0
1085,0.0
1086,0.0
1089,0.0
1087,0.0
1088,0.0
1093,0.0
1094,0.0
1095,0.0
1096,0.0
3155,0.0
1098,0.0
2650,0.0
2781,0.0
6568,0.0
6806,0.0
7059,0.0
7060,0.0
7201,0.0
8002,0.0
1099,0.0
1104,0.0
1105,0.0
1106,0.0
1101,0.0
1107,0.0
1108,0.0
1109,0.0
1110,0.0
1112,0.0
1113,0.0
1102,0.0
1115,0.0
1120,0.0
1126,0.0
1129,0.0
1130,0.0
1132,0.0
1133,0.0
4047,0.0
4188,0.0
4254,0.0
4311,0.0
4620,0.0
4648,0.0
4677,0.0
4946,0.0
5044,0.0
5635,0.0
5977,0.0
6226,0.0
1134,0.0
1135,0.0
1138,0.0
1139,0.0
1142,0.0
1143,0.0
1068,0.0
1145,0.0
1146,0.0
1147,0.0
1148,0.0
1150,0.0
1155,0.0
1158,0.0
1161,0.0
3266,0.0
3893,0.0
6164,0.0
1177,0.0
1178,0.0
1179,0.0
1169,0.0
1170,0.0
1180,0.0
1171,0.0
1090,0.0
1172,0.0
1173,0.0
1174,0.0
1175,0.0
1182,0.0
1183,0.0
1176,0.0
1187,0.0
1188,0.0
1189,0.0
3193,0.0
1194,0.0
1195,0.0
1197,0.0
1198,0.0
3138,0.0
1202,0.0
1204,0.0
1205,0.0
1206,0.0
1207,0.0
1208,0.0
1209,0.0
1210,0.0
1212,0.0
1213,0.0
1214,0.0
1215,0.0
1216,0.0
1219,0.0
1223,0.0
1224,0.0
1225,0.0
1226,0.0
1227,0.0
1228,0.0
1229,0.0
1231,0.0
1233,0.0
1235,0.0
1237,0.0
1238,0.0
1242,0.0
1244,0.0
1245,0.0
1246,0.0
1252,0.0
1254,0.0
1255,0.0
1256,0.0
1257,0.0
1258,0.0
1262,0.0
1264,0.0
1268,0.0
1269,0.0
1271,0.0
1272,0.0
1273,0.0
1274,0.0
1275,0.0
1278,0.0
1276,0.0
1280,0.0
1281,0.0
2956,0.0
1290,0.0
1292,0.0
1293,0.0
1294,0.0
1295,0.0
1298,0.0
1299,0.0
1301,0.0
1302,0.0
1303,0.0
1304,0.0
1306,0.0
3867,0.0
1308,0.0
1309,0.0
1313,0.0
1311,0.0
1312,0.0
1314,0.0
1316,0.0
1317,0.0
1318,0.0
3237,0.0
1320,0.0
1324,0.0
1327,0.0
1328,0.0
1325,0.0
1329,0.0
1331,0.0
1332,0.0
1333,0.0
1334,0.0
1335,0.0
1336,0.0
1337,0.0
1338,0.0
1339,0.0
1340,0.0
1341,0.0
1342,0.0
1343,0.0
1344,0.0
1345,0.0
1346,0.0
1349,0.0
1350,0.0
1351,0.0
1359,0.0
1354,0.0
1355,0.0
1361,0.0
1356,0.0
1362,0.0
1358,0.0
1365,0.0
1366,0.0
1367,0.0
1368,0.0
1369,0.0
1370,0.0
1373,0.0
1376,0.0
1379,0.0
1380,0.0
1381,0.0
1383,0.0
1386,0.0
1387,0.0
1388,0.0
1391,0.0
1392,0.0
1395,0.0
1397,0.0
1398,0.0
1399,0.0
1400,0.0
1401,0.0
1404,0.0
1405,0.0
1406,0.0
1408,0.0
1409,0.0
1410,0.0
1421,0.0
1422,0.0
1423,0.0
1424,0.0
1426,0.0
1427,0.0
2679,0.0
3080,0.0
1429,0.0
1430,0.0
1431,0.0
1433,0.0
1434,0.0
1436,0.0
1184,0.0
4809,0.0
1438,0.0
1440,0.0
1443,0.0
1445,0.0
1447,0.0
1448,0.0
1449,0.0
1450,0.0
1451,0.0
1452,0.0
1454,0.0
1455,0.0
1456,0.0
1457,0.0
1458,0.0
1459,0.0
1460,0.0
1461,0.0
1462,0.0
1463,0.0
1466,0.0
1467,0.0
1469,0.0
1470,0.0
5706,0.0
1474,0.0
1480,0.0
1481,0.0
1483,0.0
1488,0.0
1494,0.0
1495,0.0
4411,0.0
1499,0.0
1500,0.0
1502,0.0
1503,0.0
1504,0.0
1505,0.0
1511,0.0
1512,0.0
1515,0.0
1516,0.0
1517,0.0
1519,0.0
1522,0.0
4012,0.0
1523,0.0
1527,0.0
1526,0.0
1528,0.0
1535,0.0
1536,0.0
1539,0.0
1540,0.0
1541,0.0
1543,0.0
1545,0.0
1546,0.0
2423,0.0
5115,0.0
6059,0.0
6096,0.0
1552,0.0
1553,0.0
3880,0.0
4272,0.0
1551,0.0
1554,0.0
1558,0.0
1559,0.0
1560,0.0
3933,0.0
1568,0.0
1570,0.0
1572,0.0
1574,0.0
1575,0.0
1576,0.0
1578,0.0
1579,0.0
1010,0.0
1582,0.0
1584,0.0
1588,0.0
1589,0.0
1590,0.0
1591,0.0
1594,0.0
1599,0.0
1601,0.0
1602,0.0
1605,0.0
1606,0.0
1607,0.0
1609,0.0
1611,0.0
7042,0.0
8149,0.0
8235,0.0
8148,0.0
1614,0.0
1615,0.0
1616,0.0
1617,0.0
1530,0.0
1620,0.0
1623,0.0
1625,0.0
1627,0.0
1626,0.0
1630,0.0
1631,0.0
1632,0.0
1634,0.0
1635,0.0
1639,0.0
1642,0.0
1643,0.0
1644,0.0
1645,0.0
1650,0.0
1651,0.0
1655,0.0
1656,0.0
4580,0.0
1659,0.0
1660,0.0
1663,0.0
1665,0.0
1666,0.0
1667,0.0
8019,0.0
1668,0.0
1670,0.0
1671,0.0
1647,0.0
1674,0.0
1675,0.0
1676,0.0
1677,0.0
1681,0.0
1682,0.0
1683,0.0
1685,0.0
1684,0.0
1686,0.0
1690,0.0
1691,0.0
1693,0.0
6723,0.0
1694,0.0
1695,0.0
1696,0.0
1698,0.0
1699,0.0
2244,0.0
1711,0.0
1703,0.0
1704,0.0
1708,0.0
1709,0.0
1710,0.0
1712,0.0
1713,0.0
1715,0.0
1719,0.0
1720,0.0
1721,0.0
1722,0.0
1724,0.0
1725,0.0
1728,0.0
1731,0.0
1735,0.0
1736,0.0
1737,0.0
6340,0.0
1740,0.0
1738,0.0
1739,0.0
1741,0.0
1742,0.0
1743,0.0
1745,0.0
1748,0.0
4815,0.0
8275,0.0
1753,0.0
1755,0.0
1756,0.0
1760,0.0
1761,0.0
1762,0.0
1763,0.0
1764,0.0
1765,0.0
1766,0.0
1767,0.0
2678,0.0
2798,0.0
1759,0.0
1773,0.0
1775,0.0
1778,0.0
1782,0.0
1751,0.0
1784,0.0
1785,0.0
1789,0.0
1790,0.0
1795,0.0
679,0.0
1796,0.0
1797,0.0
1800,0.0
1803,0.0
1804,0.0
1806,0.0
1807,0.0
5271,0.0
1809,0.0
1810,0.0
1812,0.0
1813,0.0
4552,0.0
8186,0.0
5146,0.0
1820,0.0
1821,0.0
3669,0.0
1822,0.0
1825,0.0
1826,0.0
1827,0.0
347,0.0
1828,0.0
1829,0.0
1838,0.0
1830,0.0
1831,0.0
1832,0.0
1834,0.0
1839,0.0
1840,0.0
1841,0.0
1844,0.0
1845,0.0
1846,0.0
5208,0.0
1852,0.0
1853,0.0
1856,0.0
1860,0.0
1862,0.0
1866,0.0
1867,0.0
1868,0.0
1869,0.0
1870,0.0
1874,0.0
1875,0.0
1871,0.0
1872,0.0
1876,0.0
1873,0.0
1879,0.0
1881,0.0
1882,0.0
1883,0.0
1885,0.0
1886,0.0
1887,0.0
1889,0.0
1891,0.0
1892,0.0
1894,0.0
1895,0.0
1896,0.0
1897,0.0
1899,0.0
1900,0.0
1902,0.0
1905,0.0
1906,0.0
1907,0.0
1909,0.0
1911,0.0
1912,0.0
1913,0.0
1914,0.0
1916,0.0
1917,0.0
1921,0.0
1922,0.0
3201,0.0
1923,0.0
1924,0.0
1925,0.0
1928,0.0
1890,0.0
1926,0.0
1929,0.0
1930,0.0
1931,0.0
1937,0.0
1932,0.0
1933,0.0
1938,0.0
1934,0.0
1939,0.0
1940,0.0
1941,0.0
1943,0.0
1944,0.0
1945,0.0
1946,0.0
1947,0.0
4031,0.0
1948,0.0
1951,0.0
1958,0.0
1959,0.0
1960,0.0
1962,0.0
6621,0.0
6762,0.0
1967,0.0
1968,0.0
1975,0.0
1976,0.0
1978,0.0
1952,0.0
1980,0.0
1981,0.0
1986,0.0
1988,0.0
1989,0.0
1993,0.0
1994,0.0
1995,0.0
1996,0.0
1794,0.0
2000,0.0
2002,0.0
2005,0.0
2008,0.0
2009,0.0
2040,0.0
2010,0.0
2011,0.0
2012,0.0
2013,0.0
2042,0.0
2015,0.0
2017,0.0
2018,0.0
2019,0.0
2020,0.0
2021,0.0
2044,0.0
2023,0.0
2024,0.0
2025,0.0
2026,0.0
2027,0.0
2045,0.0
2029,0.0
2030,0.0
2031,0.0
2032,0.0
2033,0.0
2034,0.0
2035,0.0
2036,0.0
2037,0.0
6111,0.0
698,0.0
2038,0.0
2049,0.0
2050,0.0
2051,0.0
2052,0.0
2054,0.0
2056,0.0
2057,0.0
2058,0.0
2059,0.0
2061,0.0
2063,0.0
2064,0.0
2065,0.0
2068,0.0
2070,0.0
2077,0.0
2081,0.0
2082,0.0
2084,0.0
2086,0.0
2087,0.0
2088,0.0
2089,0.0
2090,0.0
2093,0.0
2096,0.0
2422,0.0
2100,0.0
2099,0.0
2104,0.0
2103,0.0
2105,0.0
2108,0.0
2110,0.0
2111,0.0
2115,0.0
2118,0.0
6321,0.0
7994,0.0
8225,0.0
2125,0.0
2126,0.0
2127,0.0
2130,0.0
2131,0.0
2132,0.0
2136,0.0
2138,0.0
2139,0.0
2141,0.0
2142,0.0
2143,0.0
4218,0.0
2146,0.0
2147,0.0
2148,0.0
2149,0.0
2150,0.0
2152,0.0
2156,0.0
2155,0.0
2159,0.0
2161,0.0
2164,0.0
2167,0.0
2169,0.0
2170,0.0
2171,0.0
2172,0.0
2173,0.0
2175,0.0
2176,0.0
2177,0.0
2179,0.0
2180,0.0
2183,0.0
2184,0.0
2186,0.0
2187,0.0
2188,0.0
2189,0.0
2190,0.0
2191,0.0
2192,0.0
2194,0.0
2196,0.0
2197,0.0
2198,0.0
2199,0.0
2200,0.0
2201,0.0
2203,0.0
2204,0.0
2212,0.0
2213,0.0
2214,0.0
2215,0.0
2216,0.0
2217,0.0
2218,0.0
2219,0.0
2221,0.0
2222,0.0
8033,0.0
2224,0.0
2226,0.0
2227,0.0
2228,0.0
2230,0.0
3623,0.0
2232,0.0
2235,0.0
2236,0.0
2238,0.0
2239,0.0
2041,0.0
2243,0.0
2249,0.0
2250,0.0
2254,0.0
2255,0.0
3737,0.0
2259,0.0
2260,0.0
2261,0.0
2262,0.0
2153,0.0
2266,0.0
2267,0.0
2268,0.0
2269,0.0
2270,0.0
2274,0.0
5393,0.0
8175,0.0
2278,0.0
2280,0.0
2282,0.0
2283,0.0
2286,0.0
2287,0.0
6055,0.0
2288,0.0
4876,0.0
2291,0.0
2292,0.0
2265,0.0
2293,0.0
2295,0.0
2296,0.0
2298,0.0
2299,0.0
2300,0.0
2301,0.0
2302,0.0
2304,0.0
2305,0.0
2308,0.0
2310,0.0
2311,0.0
2312,0.0
2313,0.0
2314,0.0
2315,0.0
2309,0.0
2316,0.0
5375,0.0
2317,0.0
2318,0.0
2319,0.0
2320,0.0
2321,0.0
2330,0.0
1561,0.0
2331,0.0
2334,0.0
2335,0.0
2336,0.0
2337,0.0
2343,0.0
2344,0.0
2349,0.0
2351,0.0
2352,0.0
2353,0.0
2272,0.0
2357,0.0
2359,0.0
2360,0.0
2361,0.0
2363,0.0
2367,0.0
2368,0.0
5231,0.0
5303,0.0
5467,0.0
5564,0.0
5664,0.0
6041,0.0
6107,0.0
6235,0.0
2370,0.0
2372,0.0
2374,0.0
2379,0.0
2380,0.0
2382,0.0
2387,0.0
5354,0.0
2388,0.0
2389,0.0
2390,0.0
2392,0.0
2391,0.0
2394,0.0
2395,0.0
2396,0.0
2393,0.0
2399,0.0
2401,0.0
2402,0.0
2403,0.0
2404,0.0
2405,0.0
2406,0.0
2407,0.0
2306,0.0
7304,0.0
2412,0.0
2413,0.0
2414,0.0
2417,0.0
2418,0.0
2113,0.0
2420,0.0
2419,0.0
2424,0.0
2428,0.0
2429,0.0
2427,0.0
2434,0.0
2437,0.0
2373,0.0
2438,0.0
2462,0.0
2463,0.0
2439,0.0
2441,0.0
2442,0.0
2443,0.0
2444,0.0
2445,0.0
2446,0.0
2094,0.0
2447,0.0
2448,0.0
2449,0.0
2450,0.0
2451,0.0
2452,0.0
2453,0.0
2454,0.0
2455,0.0
2465,0.0
2457,0.0
2466,0.0
2458,0.0
2459,0.0
2460,0.0
2461,0.0
2471,0.0
2472,0.0
2473,0.0
2476,0.0
2477,0.0
2478,0.0
2480,0.0
2481,0.0
2482,0.0
2487,0.0
2488,0.0
2489,0.0
2491,0.0
2492,0.0
2493,0.0
2494,0.0
2495,0.0
2496,0.0
2497,0.0
2500,0.0
2502,0.0
2503,0.0
8296,0.0
2505,0.0
5311,0.0
2509,0.0
2512,0.0
2514,0.0
2513,0.0
2515,0.0
5926,0.0
6532,0.0
2518,0.0
2519,0.0
2355,0.0
2520,0.0
2530,0.0
2531,0.0
2521,0.0
2522,0.0
2523,0.0
2534,0.0
2526,0.0
2527,0.0
2528,0.0
2536,0.0
2537,0.0
2538,0.0
2529,0.0
2540,0.0
1181,0.0
2541,0.0
2543,0.0
2498,0.0
2545,0.0
2546,0.0
6435,0.0
2548,0.0
2549,0.0
2551,0.0
899,0.0
2555,0.0
2556,0.0
2566,0.0
2557,0.0
2469,0.0
2567,0.0
2558,0.0
2559,0.0
2561,0.0
2562,0.0
2563,0.0
2564,0.0
5364,0.0
6942,0.0
7319,0.0
7857,0.0
7996,0.0
8068,0.0
8169,0.0
2569,0.0
2572,0.0
2573,0.0
2574,0.0
2577,0.0
2578,0.0
2581,0.0
2582,0.0
2583,0.0
2584,0.0
2586,0.0
2596,0.0
2598,0.0
2603,0.0
6080,0.0
2606,0.0
2608,0.0
2609,0.0
2610,0.0
2611,0.0
2613,0.0
2614,0.0
2615,0.0
2616,0.0
5240,0.0
5533,0.0
5956,0.0
6109,0.0
6279,0.0
2627,0.0
2626,0.0
2630,0.0
2631,0.0
2632,0.0
2633,0.0
1863,0.0
2634,0.0
2635,0.0
2636,0.0
2637,0.0
2639,0.0
2640,0.0
2641,0.0
2642,0.0
2644,0.0
2628,0.0
2648,0.0
2649,0.0
6543,0.0
2656,0.0
5260,0.0
8024,0.0
2659,0.0
2661,0.0
2663,0.0
2664,0.0
2668,0.0
2671,0.0
2673,0.0
2675,0.0
2676,0.0
2677,0.0
2680,0.0
2682,0.0
2683,0.0
2684,0.0
2699,0.0
2701,0.0
6105,0.0
2702,0.0
2703,0.0
2688,0.0
5368,0.0
5514,0.0
5756,0.0
2704,0.0
6078,0.0
2690,0.0
2691,0.0
2692,0.0
2705,0.0
2706,0.0
2694,0.0
2695,0.0
2698,0.0
2709,0.0
2711,0.0
2715,0.0
2716,0.0
2717,0.0
2718,0.0
2719,0.0
2722,0.0
2723,0.0
2725,0.0
2728,0.0
2730,0.0
2731,0.0
2733,0.0
2729,0.0
2734,0.0
2737,0.0
2738,0.0
7423,0.0
2739,0.0
2740,0.0
2741,0.0
2744,0.0
2748,0.0
2749,0.0
2752,0.0
2753,0.0
2755,0.0
2757,0.0
2759,0.0
2761,0.0
2762,0.0
2766,0.0
2767,0.0
2771,0.0
2769,0.0
2772,0.0
2773,0.0
2776,0.0
2778,0.0
2779,0.0
2780,0.0
2782,0.0
2783,0.0
2784,0.0
2786,0.0
2788,0.0
2789,0.0
2791,0.0
2792,0.0
2793,0.0
2796,0.0
2802,0.0
2803,0.0
2804,0.0
2807,0.0
2808,0.0
2813,0.0
2817,0.0
2823,0.0
2824,0.0
2826,0.0
2758,0.0
2827,0.0
2832,0.0
4264,0.0
2833,0.0
2835,0.0
2839,0.0
2840,0.0
2845,0.0
2846,0.0
2847,0.0
2848,0.0
2849,0.0
2850,0.0
2852,0.0
2853,0.0
2855,0.0
2857,0.0
2858,0.0
4171,0.0
2860,0.0
2866,0.0
2867,0.0
2861,0.0
2868,0.0
2869,0.0
2862,0.0
2863,0.0
2870,0.0
2864,0.0
2865,0.0
2872,0.0
2875,0.0
2876,0.0
2879,0.0
2881,0.0
2882,0.0
2883,0.0
2884,0.0
2885,0.0
2467,0.0
2896,0.0
2568,0.0
2886,0.0
2887,0.0
2888,0.0
2464,0.0
2889,0.0
2890,0.0
2891,0.0
2892,0.0
2893,0.0
2894,0.0
2895,0.0
2898,0.0
2901,0.0
2899,0.0
2905,0.0
2903,0.0
2904,0.0
2906,0.0
2907,0.0
2908,0.0
2913,0.0
2916,0.0
2919,0.0
2921,0.0
2924,0.0
2929,0.0
2930,0.0
2931,0.0
7316,0.0
2933,0.0
2935,0.0
2939,0.0
2938,0.0
7254,0.0
2941,0.0
2936,0.0
2944,0.0
2945,0.0
2947,0.0
2948,0.0
2949,0.0
2950,0.0
2952,0.0
2953,0.0
2954,0.0
2957,0.0
2960,0.0
2961,0.0
2962,0.0
2964,0.0
2965,0.0
2967,0.0
4086,0.0
4987,0.0
5694,0.0
7734,0.0
2971,0.0
2969,0.0
2970,0.0
2978,0.0
2980,0.0
2982,0.0
2983,0.0
2985,0.0
2986,0.0
2987,0.0
2988,0.0
2989,0.0
2992,0.0
2994,0.0
2995,0.0
2998,0.0
3001,0.0
3008,0.0
3003,0.0
3004,0.0
3006,0.0
3011,0.0
3012,0.0
3013,0.0
3016,0.0
3017,0.0
3019,0.0
3363,0.0
3022,0.0
3025,0.0
4684,0.0
4779,0.0
4887,0.0
5350,0.0
5442,0.0
6427,0.0
6475,0.0
3031,0.0
3032,0.0
3035,0.0
3037,0.0
3038,0.0
3039,0.0
3040,0.0
3041,0.0
3042,0.0
3043,0.0
3044,0.0
3048,0.0
3049,0.0
3046,0.0
3051,0.0
3052,0.0
3053,0.0
3054,0.0
3055,0.0
3057,0.0
3047,0.0
3060,0.0
3061,0.0
3062,0.0
2976,0.0
3066,0.0
3070,0.0
3071,0.0
3072,0.0
7290,0.0
3074,0.0
3075,0.0
3076,0.0
3077,0.0
3078,0.0
3063,0.0
7735,0.0
3081,0.0
3083,0.0
3085,0.0
3086,0.0
3087,0.0
3088,0.0
3090,0.0
6530,0.0
3091,0.0
3093,0.0
3094,0.0
3097,0.0
3098,0.0
3095,0.0
3096,0.0
3101,0.0
3102,0.0
3107,0.0
2842,0.0
3617,0.0
3108,0.0
8227,0.0
3110,0.0
3111,0.0
3112,0.0
3113,0.0
2003,0.0
7440,0.0
3115,0.0
3118,0.0
3119,0.0
3120,0.0
3123,0.0
3124,0.0
3127,0.0
3701,0.0
3128,0.0
3129,0.0
3131,0.0
3132,0.0
3135,0.0
3133,0.0
3134,0.0
3137,0.0
3143,0.0
3142,0.0
3146,0.0
3147,0.0
3149,0.0
3151,0.0
3152,0.0
3153,0.0
3154,0.0
3156,0.0
3158,0.0
3159,0.0
3160,0.0
3162,0.0
3163,0.0
3165,0.0
3166,0.0
3167,0.0
3169,0.0
3168,0.0
3172,0.0
3174,0.0
3175,0.0
3176,0.0
3181,0.0
3190,0.0
3182,0.0
3183,0.0
3184,0.0
3185,0.0
3186,0.0
3187,0.0
3188,0.0
3189,0.0
3194,0.0
3195,0.0
3196,0.0
3197,0.0
3198,0.0
3199,0.0
3202,0.0
3203,0.0
3204,0.0
3206,0.0
3207,0.0
3208,0.0
3209,0.0
3212,0.0
3213,0.0
3215,0.0
3214,0.0
3216,0.0
3210,0.0
3217,0.0
532,0.0
3219,0.0
3220,0.0
3221,0.0
1509,0.0
3211,0.0
3218,0.0
3222,0.0
3223,0.0
3224,0.0
3225,0.0
3226,0.0
3227,0.0
3228,0.0
3229,0.0
3230,0.0
3231,0.0
3232,0.0
3234,0.0
3233,0.0
3239,0.0
3240,0.0
3241,0.0
3242,0.0
3244,0.0
3245,0.0
3246,0.0
3247,0.0
3248,0.0
3249,0.0
3250,0.0
3252,0.0
3257,0.0
3263,0.0
3264,0.0
3259,0.0
3261,0.0
3262,0.0
3267,0.0
3268,0.0
212,0.0
3269,0.0
3270,0.0
2624,0.0
3272,0.0
3280,0.0
3281,0.0
3273,0.0
3275,0.0
3277,0.0
3278,0.0
3279,0.0
3288,0.0
3292,0.0
3294,0.0
3296,0.0
3298,0.0
3299,0.0
3300,0.0
3302,0.0
3303,0.0
1529,0.0
3304,0.0
3305,0.0
3311,0.0
3312,0.0
3282,0.0
3314,0.0
3315,0.0
3290,0.0
3318,0.0
3316,0.0
3317,0.0
3322,0.0
3323,0.0
3325,0.0
3326,0.0
3335,0.0
3331,0.0
3332,0.0
3333,0.0
3339,0.0
3340,0.0
3341,0.0
3342,0.0
3343,0.0
3344,0.0
3345,0.0
3349,0.0
3350,0.0
3353,0.0
3354,0.0
3355,0.0
3360,0.0
3356,0.0
3357,0.0
3358,0.0
3359,0.0
3306,0.0
3361,0.0
3362,0.0
3368,0.0
3369,0.0
3370,0.0
3366,0.0
3367,0.0
3373,0.0
3374,0.0
3375,0.0
3377,0.0
3378,0.0
3379,0.0
3380,0.0
3382,0.0
3383,0.0
3384,0.0
3385,0.0
3388,0.0
3389,0.0
3391,0.0
3392,0.0
5882,0.0
3395,0.0
3396,0.0
3397,0.0
3398,0.0
3399,0.0
3400,0.0
3401,0.0
3403,0.0
3402,0.0
3592,0.0
6307,0.0
3405,0.0
3390,0.0
5388,0.0
3407,0.0
3406,0.0
3411,0.0
3412,0.0
3422,0.0
3423,0.0
3416,0.0
3424,0.0
3425,0.0
3418,0.0
3426,0.0
3434,0.0
3436,0.0
3437,0.0
3440,0.0
3441,0.0
3438,0.0
3444,0.0
3445,0.0
6225,0.0
6724,0.0
6920,0.0
3448,0.0
3449,0.0
3450,0.0
3451,0.0
4880,0.0
5471,0.0
6054,0.0
6826,0.0
3457,0.0
5363,0.0
3462,0.0
3466,0.0
3467,0.0
3468,0.0
3469,0.0
3470,0.0
3472,0.0
3471,0.0
3475,0.0
3481,0.0
3482,0.0
3477,0.0
3478,0.0
3487,0.0
3488,0.0
3492,0.0
3493,0.0
3490,0.0
3494,0.0
3495,0.0
3427,0.0
3496,0.0
3491,0.0
2524,0.0
3497,0.0
3499,0.0
3500,0.0
3504,0.0
3509,0.0
3510,0.0
3515,0.0
3511,0.0
3512,0.0
3513,0.0
3514,0.0
3518,0.0
3519,0.0
3521,0.0
3522,0.0
3523,0.0
3524,0.0
3525,0.0
3526,0.0
3527,0.0
3386,0.0
3530,0.0
3531,0.0
3532,0.0
3535,0.0
3536,0.0
3539,0.0
3540,0.0
3542,0.0
3543,0.0
3508,0.0
3544,0.0
3545,0.0
3550,0.0
3551,0.0
3552,0.0
3553,0.0
3558,0.0
3560,0.0
4481,0.0
3561,0.0
3563,0.0
3564,0.0
3565,0.0
3566,0.0
4265,0.0
6162,0.0
3569,0.0
3577,0.0
3579,0.0
3578,0.0
3708,0.0
7708,0.0
3581,0.0
3582,0.0
3583,0.0
3584,0.0
3585,0.0
6680,0.0
3589,0.0
3528,0.0
3590,0.0
3593,0.0
3594,0.0
3598,0.0
3595,0.0
3599,0.0
3600,0.0
3601,0.0
3596,0.0
3597,0.0
3602,0.0
3603,0.0
3605,0.0
3606,0.0
3610,0.0
3611,0.0
3613,0.0
3618,0.0
3619,0.0
3620,0.0
3621,0.0
3622,0.0
3624,0.0
3625,0.0
3604,0.0
3628,0.0
3630,0.0
3632,0.0
3633,0.0
3636,0.0
3637,0.0
3638,0.0
3639,0.0
3640,0.0
3641,0.0
3642,0.0
6721,0.0
3649,0.0
3647,0.0
3651,0.0
3652,0.0
3654,0.0
3653,0.0
3655,0.0
3656,0.0
3657,0.0
3658,0.0
3659,0.0
3662,0.0
3663,0.0
3665,0.0
3666,0.0
3667,0.0
3668,0.0
3673,0.0
3674,0.0
3675,0.0
3676,0.0
3677,0.0
3678,0.0
3682,0.0
3683,0.0
3684,0.0
3685,0.0
3686,0.0
3692,0.0
3687,0.0
3688,0.0
3689,0.0
3690,0.0
5481,0.0
3693,0.0
3694,0.0
3695,0.0
3696,0.0
3697,0.0
3698,0.0
3700,0.0
3702,0.0
3703,0.0
3704,0.0
3705,0.0
3706,0.0
3707,0.0
3709,0.0
2067,0.0
3711,0.0
3712,0.0
3714,0.0
3715,0.0
3718,0.0
3719,0.0
3723,0.0
3722,0.0
3733,0.0
3571,0.0
3725,0.0
3727,0.0
3728,0.0
3729,0.0
3735,0.0
3730,0.0
3731,0.0
3742,0.0
3743,0.0
5133,0.0
3744,0.0
3746,0.0
3747,0.0
3749,0.0
3750,0.0
3751,0.0
3753,0.0
3754,0.0
3679,0.0
3757,0.0
3758,0.0
3759,0.0
3760,0.0
3761,0.0
3762,0.0
3763,0.0
3764,0.0
3765,0.0
3766,0.0
3767,0.0
3771,0.0
3774,0.0
3775,0.0
3777,0.0
4413,0.0
3779,0.0
3780,0.0
3781,0.0
3782,0.0
3784,0.0
3783,0.0
3786,0.0
5778,0.0
2975,0.0
3791,0.0
3797,0.0
3795,0.0
3794,0.0
3798,0.0
3799,0.0
3801,0.0
3802,0.0
3805,0.0
3810,0.0
3814,0.0
3815,0.0
3817,0.0
3823,0.0
3824,0.0
3827,0.0
3829,0.0
3821,0.0
3833,0.0
3834,0.0
3836,0.0
3837,0.0
3841,0.0
3839,0.0
3840,0.0
3844,0.0
3845,0.0
3848,0.0
3850,0.0
3851,0.0
3855,0.0
3858,0.0
3862,0.0
3863,0.0
3864,0.0
3865,0.0
3869,0.0
3870,0.0
3872,0.0
8038,0.0
3648,0.0
3876,0.0
3878,0.0
3877,0.0
3881,0.0
3882,0.0
3883,0.0
3886,0.0
3889,0.0
3890,0.0
3891,0.0
3894,0.0
3895,0.0
3896,0.0
3900,0.0
3901,0.0
3902,0.0
3904,0.0
3905,0.0
3906,0.0
3907,0.0
3909,0.0
5588,0.0
3916,0.0
3917,0.0
3918,0.0
3920,0.0
3923,0.0
3924,0.0
3925,0.0
3927,0.0
3928,0.0
3929,0.0
3930,0.0
3931,0.0
3932,0.0
3935,0.0
3936,0.0
3941,0.0
3943,0.0
3944,0.0
3947,0.0
3945,0.0
3948,0.0
3952,0.0
3953,0.0
3954,0.0
3955,0.0
3959,0.0
3960,0.0
3961,0.0
4886,0.0
3964,0.0
3965,0.0
3963,0.0
3966,0.0
3957,0.0
3968,0.0
6257,0.0
6278,0.0
3977,0.0
3978,0.0
3979,0.0
3981,0.0
3987,0.0
3982,0.0
3989,0.0
3983,0.0
3984,0.0
3990,0.0
3985,0.0
3986,0.0
3991,0.0
3992,0.0
3997,0.0
3998,0.0
4000,0.0
4001,0.0
4005,0.0
4006,0.0
4007,0.0
4008,0.0
4010,0.0
4016,0.0
4015,0.0
4019,0.0
4020,0.0
4023,0.0
4025,0.0
4026,0.0
4027,0.0
4028,0.0
4034,0.0
4035,0.0
4036,0.0
4038,0.0
4039,0.0
4042,0.0
7149,0.0
4991,0.0
4045,0.0
4521,0.0
4046,0.0
7257,0.0
4048,0.0
4050,0.0
4053,0.0
4056,0.0
4057,0.0
4059,0.0
4061,0.0
4062,0.0
4063,0.0
4077,0.0
4064,0.0
4066,0.0
4067,0.0
4069,0.0
4079,0.0
4070,0.0
4073,0.0
5274,0.0
4074,0.0
4075,0.0
4080,0.0
4083,0.0
4082,0.0
4085,0.0
4089,0.0
4090,0.0
4091,0.0
4092,0.0
4095,0.0
4096,0.0
4097,0.0
4100,0.0
4108,0.0
4104,0.0
4105,0.0
4109,0.0
4106,0.0
4107,0.0
4116,0.0
4119,0.0
4120,0.0
4121,0.0
4076,0.0
6858,0.0
4122,0.0
4123,0.0
4125,0.0
4126,0.0
4128,0.0
4237,0.0
4129,0.0
4130,0.0
4131,0.0
4132,0.0
4133,0.0
4135,0.0
4136,0.0
4137,0.0
4139,0.0
4140,0.0
4141,0.0
4142,0.0
4143,0.0
4144,0.0
4145,0.0
4146,0.0
4147,0.0
4148,0.0
4149,0.0
4150,0.0
4151,0.0
4152,0.0
4153,0.0
4154,0.0
4159,0.0
4163,0.0
4164,0.0
4165,0.0
4166,0.0
4155,0.0
4167,0.0
4168,0.0
4169,0.0
4170,0.0
4174,0.0
4176,0.0
4177,0.0
4178,0.0
4180,0.0
3819,0.0
4184,0.0
4185,0.0
4186,0.0
4187,0.0
4190,0.0
4194,0.0
4192,0.0
4195,0.0
4197,0.0
4198,0.0
4200,0.0
4207,0.0
4208,0.0
4202,0.0
4203,0.0
4204,0.0
3995,0.0
4209,0.0
4205,0.0
4210,0.0
4206,0.0
5362,0.0
4215,0.0
4213,0.0
4214,0.0
4217,0.0
4222,0.0
4223,0.0
4224,0.0
4221,0.0
4225,0.0
4228,0.0
4232,0.0
4093,0.0
4236,0.0
4238,0.0
4240,0.0
4243,0.0
4244,0.0
4241,0.0
4242,0.0
4245,0.0
4246,0.0
4248,0.0
4249,0.0
4250,0.0
4251,0.0
4252,0.0
4229,0.0
4255,0.0
4257,0.0
4259,0.0
4260,0.0
4267,0.0
4275,0.0
4273,0.0
7315,0.0
213,0.0
4277,0.0
4274,0.0
4278,0.0
4279,0.0
4280,0.0
4282,0.0
4283,0.0
4284,0.0
4285,0.0
4291,0.0
4292,0.0
4295,0.0
4296,0.0
4304,0.0
4305,0.0
4308,0.0
4306,0.0
4307,0.0
4312,0.0
4313,0.0
4314,0.0
4316,0.0
4317,0.0
4318,0.0
4319,0.0
4320,0.0
4321,0.0
4324,0.0
4325,0.0
4326,0.0
4327,0.0
4328,0.0
4329,0.0
4333,0.0
4334,0.0
4336,0.0
4337,0.0
4345,0.0
4346,0.0
4340,0.0
4342,0.0
4343,0.0
4347,0.0
7952,0.0
8090,0.0
4344,0.0
4348,0.0
4352,0.0
4353,0.0
4354,0.0
4357,0.0
4358,0.0
4360,0.0
4364,0.0
4362,0.0
4363,0.0
4366,0.0
2028,0.0
4368,0.0
4369,0.0
4371,0.0
4370,0.0
4372,0.0
4375,0.0
4377,0.0
4378,0.0
4383,0.0
4379,0.0
4380,0.0
4381,0.0
4382,0.0
4393,0.0
4394,0.0
4399,0.0
4322,0.0
4395,0.0
4396,0.0
4397,0.0
4398,0.0
4404,0.0
4408,0.0
4405,0.0
4414,0.0
4415,0.0
4416,0.0
4423,0.0
4425,0.0
4426,0.0
4427,0.0
4428,0.0
4429,0.0
4430,0.0
4431,0.0
4433,0.0
4434,0.0
4436,0.0
4437,0.0
4438,0.0
4439,0.0
4440,0.0
4442,0.0
4443,0.0
4444,0.0
4445,0.0
4446,0.0
4447,0.0
4449,0.0
4451,0.0
4452,0.0
4450,0.0
4454,0.0
4455,0.0
4539,0.0
4456,0.0
4457,0.0
4458,0.0
4459,0.0
4460,0.0
4461,0.0
2047,0.0
4462,0.0
4464,0.0
4465,0.0
4467,0.0
4469,0.0
4470,0.0
4473,0.0
4474,0.0
4477,0.0
4476,0.0
8139,0.0
4478,0.0
4475,0.0
4479,0.0
7292,0.0
4493,0.0
4486,0.0
5726,0.0
4494,0.0
4495,0.0
5955,0.0
4489,0.0
4490,0.0
4496,0.0
4491,0.0
4497,0.0
4504,0.0
4502,0.0
4503,0.0
4492,0.0
4508,0.0
4509,0.0
4511,0.0
4498,0.0
4516,0.0
4523,0.0
4524,0.0
4526,0.0
4533,0.0
4535,0.0
4538,0.0
4540,0.0
4541,0.0
4542,0.0
4544,0.0
7434,0.0
4543,0.0
4545,0.0
5434,0.0
5570,0.0
4553,0.0
4554,0.0
4555,0.0
4556,0.0
4560,0.0
4563,0.0
4564,0.0
4565,0.0
4566,0.0
4567,0.0
4568,0.0
4569,0.0
4575,0.0
4576,0.0
4577,0.0
4581,0.0
4582,0.0
4586,0.0
4592,0.0
4593,0.0
4594,0.0
4595,0.0
4596,0.0
4597,0.0
4598,0.0
4599,0.0
4602,0.0
4601,0.0
4603,0.0
4608,0.0
4607,0.0
4609,0.0
2841,0.0
4611,0.0
4612,0.0
4615,0.0
4616,0.0
4617,0.0
4618,0.0
4619,0.0
4622,0.0
4623,0.0
4624,0.0
4629,0.0
4626,0.0
4627,0.0
4630,0.0
4487,0.0
4633,0.0
4636,0.0
4638,0.0
4640,0.0
4641,0.0
4644,0.0
4649,0.0
4651,0.0
4652,0.0
4655,0.0
4635,0.0
4659,0.0
4660,0.0
4663,0.0
4664,0.0
4647,0.0
4665,0.0
8043,0.0
4672,0.0
4667,0.0
4673,0.0
4668,0.0
4669,0.0
4670,0.0
4671,0.0
4674,0.0
4681,0.0
4683,0.0
4682,0.0
4686,0.0
4688,0.0
4693,0.0
4692,0.0
4694,0.0
4695,0.0
4696,0.0
4697,0.0
4698,0.0
4699,0.0
4700,0.0
4701,0.0
4702,0.0
4703,0.0
4704,0.0
4705,0.0
4707,0.0
4708,0.0
4710,0.0
4711,0.0
4714,0.0
4716,0.0
2621,0.0
4718,0.0
4721,0.0
4720,0.0
4723,0.0
4725,0.0
4726,0.0
4727,0.0
4733,0.0
4736,0.0
4675,0.0
4742,0.0
4737,0.0
5838,0.0
4738,0.0
4739,0.0
4743,0.0
4745,0.0
4740,0.0
4744,0.0
4746,0.0
4741,0.0
4749,0.0
4750,0.0
4751,0.0
4754,0.0
4752,0.0
4753,0.0
4755,0.0
4756,0.0
4757,0.0
4759,0.0
4760,0.0
4761,0.0
4762,0.0
4763,0.0
4765,0.0
4771,0.0
4766,0.0
4773,0.0
4774,0.0
4782,0.0
4785,0.0
4787,0.0
4788,0.0
4789,0.0
4790,0.0
7909,0.0
4793,0.0
4794,0.0
4799,0.0
4800,0.0
4803,0.0
4804,0.0
4805,0.0
4806,0.0
4807,0.0
4810,0.0
4813,0.0
4816,0.0
4817,0.0
4818,0.0
4819,0.0
4821,0.0
4823,0.0
5310,0.0
4825,0.0
4826,0.0
4829,0.0
6856,0.0
4830,0.0
4832,0.0
4857,0.0
4833,0.0
4834,0.0
4835,0.0
4836,0.0
4837,0.0
4838,0.0
4839,0.0
4840,0.0
4858,0.0
4841,0.0
4842,0.0
4843,0.0
4844,0.0
4859,0.0
4860,0.0
4845,0.0
4847,0.0
4848,0.0
4849,0.0
4850,0.0
4861,0.0
4862,0.0
4851,0.0
4852,0.0
4863,0.0
4853,0.0
4854,0.0
4855,0.0
4856,0.0
4867,0.0
4868,0.0
4873,0.0
4801,0.0
4871,0.0
4869,0.0
4874,0.0
4870,0.0
4872,0.0
7557,0.0
4881,0.0
4882,0.0
4883,0.0
4885,0.0
4889,0.0
4890,0.0
4891,0.0
4893,0.0
4894,0.0
6088,0.0
4898,0.0
4900,0.0
4901,0.0
4903,0.0
4904,0.0
4905,0.0
4923,0.0
4906,0.0
4908,0.0
4924,0.0
4909,0.0
4910,0.0
4911,0.0
4912,0.0
4913,0.0
4914,0.0
4915,0.0
4916,0.0
4917,0.0
4918,0.0
4925,0.0
4919,0.0
4920,0.0
4926,0.0
4921,0.0
4922,0.0
4931,0.0
4932,0.0
4933,0.0
8028,0.0
4935,0.0
4936,0.0
4937,0.0
4943,0.0
4945,0.0
4947,0.0
4948,0.0
4950,0.0
4951,0.0
4952,0.0
4957,0.0
4960,0.0
4963,0.0
7204,0.0
4965,0.0
4967,0.0
5880,0.0
6661,0.0
6950,0.0
4969,0.0
4970,0.0
4971,0.0
4972,0.0
4973,0.0
4974,0.0
4975,0.0
4976,0.0
2346,0.0
4978,0.0
4979,0.0
4982,0.0
4985,0.0
4988,0.0
4989,0.0
4995,0.0
4996,0.0
4864,0.0
5000,0.0
5001,0.0
5003,0.0
5005,0.0
4897,0.0
5006,0.0
5008,0.0
5009,0.0
5010,0.0
5011,0.0
5013,0.0
5016,0.0
5017,0.0
5018,0.0
5019,0.0
5024,0.0
5029,0.0
5031,0.0
5032,0.0
5035,0.0
5036,0.0
5038,0.0
5039,0.0
5040,0.0
5046,0.0
5047,0.0
5048,0.0
5051,0.0
5052,0.0
5053,0.0
5054,0.0
5057,0.0
5059,0.0
7318,0.0
5060,0.0
5062,0.0
5063,0.0
5065,0.0
5069,0.0
5067,0.0
5068,0.0
5071,0.0
5077,0.0
5078,0.0
5145,0.0
6778,0.0
8277,0.0
5080,0.0
5081,0.0
5084,0.0
5085,0.0
5086,0.0
5087,0.0
5088,0.0
5089,0.0
5090,0.0
5091,0.0
5095,0.0
5097,0.0
5099,0.0
5098,0.0
7297,0.0
5102,0.0
6681,0.0
5104,0.0
5105,0.0
5109,0.0
5111,0.0
5110,0.0
5112,0.0
5114,0.0
5665,0.0
5116,0.0
5117,0.0
5118,0.0
5119,0.0
5122,0.0
5127,0.0
5128,0.0
5129,0.0
5124,0.0
5125,0.0
5050,0.0
5126,0.0
5135,0.0
5136,0.0
5138,0.0
5139,0.0
5142,0.0
5150,0.0
5151,0.0
5152,0.0
5153,0.0
5154,0.0
5158,0.0
5159,0.0
5160,0.0
5161,0.0
5167,0.0
5163,0.0
5164,0.0
5166,0.0
5171,0.0
5172,0.0
5173,0.0
5174,0.0
5175,0.0
5180,0.0
5181,0.0
5183,0.0
5184,0.0
5185,0.0
5186,0.0
5187,0.0
5754,0.0
7498,0.0
7913,0.0
5190,0.0
5191,0.0
5192,0.0
5194,0.0
5195,0.0
5196,0.0
5197,0.0
5198,0.0
5201,0.0
5202,0.0
5203,0.0
5207,0.0
5209,0.0
5213,0.0
5214,0.0
5216,0.0
5217,0.0
5218,0.0
5219,0.0
5220,0.0
5221,0.0
5224,0.0
8058,0.0
5227,0.0
5228,0.0
5225,0.0
5229,0.0
5230,0.0
5232,0.0
5238,0.0
5242,0.0
5244,0.0
5241,0.0
5243,0.0
5250,0.0
5247,0.0
5248,0.0
5249,0.0
5252,0.0
5251,0.0
5261,0.0
4407,0.0
5265,0.0
5275,0.0
5276,0.0
5277,0.0
5278,0.0
5280,0.0
5281,0.0
5282,0.0
5283,0.0
5287,0.0
5284,0.0
5286,0.0
5290,0.0
5291,0.0
5294,0.0
5299,0.0
5300,0.0
5313,0.0
5314,0.0
5315,0.0
5316,0.0
5317,0.0
5320,0.0
5322,0.0
5324,0.0
5328,0.0
5329,0.0
5330,0.0
5333,0.0
5332,0.0
5334,0.0
5336,0.0
5339,0.0
5337,0.0
5342,0.0
5343,0.0
5344,0.0
5345,0.0
5346,0.0
5347,0.0
5348,0.0
5352,0.0
5353,0.0
5355,0.0
4591,0.0
5356,0.0
5357,0.0
5358,0.0
5264,0.0
5360,0.0
5361,0.0
5365,0.0
5366,0.0
5367,0.0
5370,0.0
5371,0.0
5372,0.0
5373,0.0
5374,0.0
5376,0.0
5377,0.0
5380,0.0
5381,0.0
5382,0.0
5385,0.0
5386,0.0
5390,0.0
5391,0.0
5395,0.0
5397,0.0
5398,0.0
5405,0.0
5399,0.0
5400,0.0
5401,0.0
5413,0.0
5414,0.0
5416,0.0
5418,0.0
5424,0.0
5419,0.0
5422,0.0
5427,0.0
5428,0.0
5429,0.0
5431,0.0
5435,0.0
5436,0.0
5438,0.0
5440,0.0
5643,0.0
7359,0.0
5446,0.0
5447,0.0
5448,0.0
5456,0.0
5455,0.0
5460,0.0
5461,0.0
5468,0.0
5472,0.0
5473,0.0
5474,0.0
5475,0.0
5476,0.0
5477,0.0
5478,0.0
5480,0.0
5483,0.0
5485,0.0
5486,0.0
5488,0.0
5489,0.0
5490,0.0
5491,0.0
5494,0.0
5495,0.0
5496,0.0
5462,0.0
5497,0.0
5501,0.0
5504,0.0
5505,0.0
5507,0.0
5508,0.0
5510,0.0
5512,0.0
5515,0.0
5516,0.0
5517,0.0
5518,0.0
5519,0.0
5520,0.0
5521,0.0
5522,0.0
5523,0.0
5525,0.0
5526,0.0
5530,0.0
5531,0.0
5528,0.0
5532,0.0
5534,0.0
5535,0.0
5536,0.0
5537,0.0
5193,0.0
5540,0.0
5541,0.0
5542,0.0
5544,0.0
5548,0.0
5549,0.0
5550,0.0
5551,0.0
5554,0.0
5552,0.0
5553,0.0
5555,0.0
5558,0.0
5561,0.0
5562,0.0
5565,0.0
5566,0.0
5567,0.0
5571,0.0
5572,0.0
5573,0.0
5577,0.0
5576,0.0
5578,0.0
5579,0.0
5580,0.0
5581,0.0
5583,0.0
5587,0.0
5589,0.0
5591,0.0
5594,0.0
5595,0.0
5598,0.0
5599,0.0
5600,0.0
5601,0.0
5602,0.0
5603,0.0
5604,0.0
5606,0.0
5607,0.0
5608,0.0
5612,0.0
5609,0.0
5610,0.0
5611,0.0
5613,0.0
5615,0.0
5616,0.0
5617,0.0
5622,0.0
5396,0.0
5627,0.0
5782,0.0
5625,0.0
5628,0.0
5629,0.0
5633,0.0
5644,0.0
5636,0.0
5645,0.0
5646,0.0
5648,0.0
5649,0.0
5652,0.0
5653,0.0
7246,0.0
7273,0.0
7534,0.0
5656,0.0
5657,0.0
5658,0.0
5659,0.0
5660,0.0
5661,0.0
5662,0.0
5668,0.0
5647,0.0
5666,0.0
5667,0.0
5669,0.0
5670,0.0
5674,0.0
5675,0.0
5676,0.0
5678,0.0
5679,0.0
5682,0.0
5686,0.0
5685,0.0
5687,0.0
5688,0.0
5689,0.0
5690,0.0
5691,0.0
5692,0.0
5695,0.0
5698,0.0
5696,0.0
5702,0.0
5703,0.0
5704,0.0
5708,0.0
5707,0.0
5710,0.0
5711,0.0
5712,0.0
5717,0.0
5718,0.0
5720,0.0
5722,0.0
5729,0.0
5730,0.0
5731,0.0
5733,0.0
5735,0.0
5741,0.0
4418,0.0
5744,0.0
5746,0.0
5750,0.0
5747,0.0
5748,0.0
5749,0.0
5751,0.0
5752,0.0
5755,0.0
5761,0.0
5763,0.0
5764,0.0
5765,0.0
5766,0.0
5767,0.0
5768,0.0
5769,0.0
5770,0.0
5771,0.0
5774,0.0
5781,0.0
5783,0.0
5785,0.0
5786,0.0
5787,0.0
5788,0.0
5789,0.0
5794,0.0
5796,0.0
5797,0.0
7583,0.0
5803,0.0
6756,0.0
7533,0.0
5805,0.0
5808,0.0
5810,0.0
5813,0.0
6987,0.0
7508,0.0
5815,0.0
6871,0.0
5816,0.0
5820,0.0
5821,0.0
7690,0.0
5823,0.0
5833,0.0
5834,0.0
5842,0.0
5840,0.0
5841,0.0
5836,0.0
5846,0.0
5852,0.0
5853,0.0
5854,0.0
3788,0.0
5855,0.0
5856,0.0
5857,0.0
5859,0.0
5861,0.0
5862,0.0
5864,0.0
5866,0.0
5868,0.0
7506,0.0
5873,0.0
5874,0.0
5875,0.0
5876,0.0
5877,0.0
5878,0.0
5883,0.0
5884,0.0
5885,0.0
5888,0.0
5889,0.0
5890,0.0
5590,0.0
5892,0.0
5895,0.0
5896,0.0
5899,0.0
5070,0.0
5903,0.0
4767,0.0
5907,0.0
5911,0.0
5908,0.0
5909,0.0
5913,0.0
5915,0.0
5916,0.0
4927,0.0
5914,0.0
5917,0.0
5919,0.0
5920,0.0
5921,0.0
5923,0.0
5924,0.0
5927,0.0
5930,0.0
5934,0.0
5935,0.0
5937,0.0
5938,0.0
5942,0.0
5939,0.0
5940,0.0
5941,0.0
5944,0.0
5945,0.0
5946,0.0
5952,0.0
5962,0.0
5964,0.0
5958,0.0
5966,0.0
5959,0.0
5960,0.0
5093,0.0
5961,0.0
5970,0.0
5971,0.0
5981,0.0
5982,0.0
5983,0.0
5984,0.0
5985,0.0
5986,0.0
5987,0.0
5988,0.0
5989,0.0
5990,0.0
5992,0.0
5993,0.0
5997,0.0
6791,0.0
5967,0.0
5999,0.0
8276,0.0
6005,0.0
6003,0.0
6641,0.0
6007,0.0
6013,0.0
4409,0.0
6014,0.0
6015,0.0
6016,0.0
6017,0.0
6018,0.0
6019,0.0
6020,0.0
6024,0.0
6022,0.0
6002,0.0
6025,0.0
6026,0.0
6028,0.0
6030,0.0
6031,0.0
5978,0.0
6033,0.0
6034,0.0
6036,0.0
6037,0.0
6035,0.0
6038,0.0
6039,0.0
6042,0.0
6045,0.0
6046,0.0
6048,0.0
6049,0.0
6050,0.0
6051,0.0
6052,0.0
6053,0.0
6056,0.0
6057,0.0
6058,0.0
6060,0.0
6061,0.0
6062,0.0
6063,0.0
6064,0.0
6066,0.0
6070,0.0
6071,0.0
6072,0.0
6067,0.0
6068,0.0
6069,0.0
6073,0.0
6074,0.0
6075,0.0
6077,0.0
6079,0.0
6081,0.0
6082,0.0
6089,0.0
6090,0.0
6091,0.0
6092,0.0
6093,0.0
6100,0.0
6101,0.0
6108,0.0
6116,0.0
6112,0.0
6113,0.0
6114,0.0
6118,0.0
6119,0.0
6120,0.0
6121,0.0
6126,0.0
6129,0.0
6128,0.0
6127,0.0
6133,0.0
6134,0.0
6135,0.0
6141,0.0
6142,0.0
6143,0.0
6144,0.0
6145,0.0
6146,0.0
6147,0.0
6150,0.0
6152,0.0
6153,0.0
6155,0.0
6158,0.0
6157,0.0
6160,0.0
6165,0.0
6168,0.0
6169,0.0
6175,0.0
6176,0.0
6177,0.0
6178,0.0
6179,0.0
6180,0.0
6196,0.0
6197,0.0
6181,0.0
6182,0.0
6183,0.0
6184,0.0
6185,0.0
6186,0.0
6187,0.0
388,0.0
6188,0.0
6199,0.0
6200,0.0
6201,0.0
6202,0.0
6203,0.0
6204,0.0
6190,0.0
6205,0.0
6206,0.0
6207,0.0
6191,0.0
6192,0.0
6208,0.0
6193,0.0
6212,0.0
6213,0.0
6214,0.0
6215,0.0
6216,0.0
6217,0.0
6219,0.0
6220,0.0
6224,0.0
6222,0.0
6223,0.0
6230,0.0
6228,0.0
6232,0.0
6236,0.0
6239,0.0
6240,0.0
7590,0.0
6242,0.0
6244,0.0
6245,0.0
6247,0.0
6248,0.0
6252,0.0
6253,0.0
6254,0.0
6258,0.0
6259,0.0
6263,0.0
6264,0.0
6265,0.0
6266,0.0
6267,0.0
6271,0.0
6273,0.0
6274,0.0
6275,0.0
6276,0.0
6282,0.0
6281,0.0
6286,0.0
6287,0.0
6288,0.0
6291,0.0
6292,0.0
6293,0.0
6294,0.0
6297,0.0
6295,0.0
6301,0.0
6304,0.0
6312,0.0
6313,0.0
6314,0.0
6315,0.0
6319,0.0
6132,0.0
6317,0.0
6324,0.0
6325,0.0
6326,0.0
6331,0.0
6332,0.0
6333,0.0
6339,0.0
6346,0.0
6348,0.0
6349,0.0
6350,0.0
4406,0.0
5995,0.0
6355,0.0
6356,0.0
6359,0.0
6298,0.0
6366,0.0
6351,0.0
6371,0.0
6374,0.0
6375,0.0
6377,0.0
6378,0.0
6379,0.0
6380,0.0
6381,0.0
7215,0.0
6383,0.0
6387,0.0
5965,0.0
6389,0.0
6391,0.0
6392,0.0
6393,0.0
6394,0.0
6399,0.0
6395,0.0
6396,0.0
6397,0.0
6398,0.0
6406,0.0
6408,0.0
6410,0.0
6411,0.0
6412,0.0
6413,0.0
6415,0.0
6416,0.0
6983,0.0
6423,0.0
6426,0.0
6429,0.0
6428,0.0
6430,0.0
6431,0.0
6436,0.0
6439,0.0
6440,0.0
6443,0.0
6444,0.0
6448,0.0
6445,0.0
850,0.0
6446,0.0
6450,0.0
6451,0.0
6452,0.0
6453,0.0
6454,0.0
6455,0.0
6456,0.0
6457,0.0
6459,0.0
6461,0.0
6466,0.0
6467,0.0
6468,0.0
6469,0.0
6470,0.0
6471,0.0
6477,0.0
6479,0.0
6478,0.0
6480,0.0
6483,0.0
6484,0.0
6485,0.0
6486,0.0
6487,0.0
6488,0.0
6489,0.0
6490,0.0
6492,0.0
6493,0.0
6494,0.0
8025,0.0
6495,0.0
6497,0.0
6500,0.0
6502,0.0
6504,0.0
6506,0.0
6507,0.0
6508,0.0
6509,0.0
6510,0.0
6513,0.0
6514,0.0
6515,0.0
6516,0.0
6517,0.0
6518,0.0
6519,0.0
6520,0.0
6521,0.0
6522,0.0
6524,0.0
6525,0.0
6526,0.0
6527,0.0
6460,0.0
7765,0.0
6533,0.0
6534,0.0
6537,0.0
6535,0.0
6538,0.0
6539,0.0
6536,0.0
6541,0.0
6542,0.0
6544,0.0
6545,0.0
6546,0.0
6547,0.0
6548,0.0
6550,0.0
6561,0.0
6565,0.0
6572,0.0
6573,0.0
6574,0.0
6575,0.0
6563,0.0
7840,0.0
6577,0.0
6578,0.0
6579,0.0
6580,0.0
6586,0.0
6581,0.0
6582,0.0
6583,0.0
6587,0.0
6584,0.0
6588,0.0
6585,0.0
6598,0.0
6601,0.0
6602,0.0
6603,0.0
6604,0.0
6605,0.0
6607,0.0
6608,0.0
6612,0.0
6619,0.0
6614,0.0
6615,0.0
6616,0.0
6617,0.0
6622,0.0
6623,0.0
6625,0.0
6627,0.0
6626,0.0
6630,0.0
5943,0.0
6636,0.0
6633,0.0
6635,0.0
6639,0.0
6643,0.0
6644,0.0
6645,0.0
6646,0.0
6647,0.0
6655,0.0
6648,0.0
6649,0.0
6650,0.0
6651,0.0
6652,0.0
6653,0.0
6654,0.0
6656,0.0
6657,0.0
6658,0.0
6609,0.0
6660,0.0
6551,0.0
6666,0.0
6671,0.0
6672,0.0
6673,0.0
6674,0.0
6675,0.0
6676,0.0
6677,0.0
6678,0.0
6679,0.0
6683,0.0
6684,0.0
6687,0.0
6688,0.0
6689,0.0
6690,0.0
6695,0.0
6696,0.0
6697,0.0
6698,0.0
6701,0.0
6702,0.0
6703,0.0
6705,0.0
6706,0.0
6710,0.0
6711,0.0
6713,0.0
6718,0.0
6717,0.0
6719,0.0
6727,0.0
6728,0.0
6729,0.0
6730,0.0
6731,0.0
6732,0.0
6734,0.0
6735,0.0
6738,0.0
6744,0.0
6745,0.0
6746,0.0
6749,0.0
6751,0.0
6757,0.0
6726,0.0
6752,0.0
6753,0.0
6758,0.0
6760,0.0
6761,0.0
6764,0.0
6766,0.0
6767,0.0
6768,0.0
6771,0.0
6775,0.0
6773,0.0
6779,0.0
6781,0.0
6782,0.0
6787,0.0
6793,0.0
6794,0.0
6795,0.0
6797,0.0
6798,0.0
6800,0.0
6801,0.0
6802,0.0
6804,0.0
6808,0.0
6807,0.0
6810,0.0
6812,0.0
6811,0.0
6815,0.0
6816,0.0
6818,0.0
6819,0.0
5269,0.0
6821,0.0
6822,0.0
6824,0.0
6776,0.0
6828,0.0
6829,0.0
6834,0.0
6835,0.0
6836,0.0
6837,0.0
6841,0.0
6842,0.0
6843,0.0
6844,0.0
6845,0.0
6846,0.0
6848,0.0
6847,0.0
6852,0.0
6854,0.0
6859,0.0
6620,0.0
6861,0.0
6862,0.0
6863,0.0
6864,0.0
6866,0.0
6867,0.0
6865,0.0
6870,0.0
6876,0.0
6877,0.0
6878,0.0
6880,0.0
6881,0.0
6883,0.0
6884,0.0
6885,0.0
6747,0.0
6886,0.0
5410,0.0
6895,0.0
6896,0.0
6899,0.0
6900,0.0
6902,0.0
6903,0.0
6905,0.0
6915,0.0
6906,0.0
6908,0.0
6909,0.0
2415,0.0
6910,0.0
6916,0.0
6911,0.0
6912,0.0
6921,0.0
6922,0.0
6926,0.0
6927,0.0
6928,0.0
6929,0.0
6935,0.0
6936,0.0
6940,0.0
6941,0.0
6943,0.0
6949,0.0
6947,0.0
6954,0.0
7636,0.0
7881,0.0
7991,0.0
8007,0.0
6959,0.0
6692,0.0
6958,0.0
6960,0.0
6961,0.0
6962,0.0
6963,0.0
6968,0.0
6969,0.0
6316,0.0
6971,0.0
6972,0.0
6974,0.0
6975,0.0
6978,0.0
6981,0.0
6984,0.0
6985,0.0
6990,0.0
6991,0.0
6995,0.0
6996,0.0
6998,0.0
6999,0.0
7000,0.0
7001,0.0
7002,0.0
7003,0.0
7004,0.0
7006,0.0
7007,0.0
7008,0.0
7009,0.0
7010,0.0
7011,0.0
7013,0.0
7014,0.0
7015,0.0
7016,0.0
7017,0.0
7018,0.0
7019,0.0
7020,0.0
7022,0.0
7024,0.0
7025,0.0
7026,0.0
7027,0.0
7028,0.0
7029,0.0
7031,0.0
7033,0.0
7032,0.0
7035,0.0
7036,0.0
7037,0.0
7041,0.0
7043,0.0
7044,0.0
7051,0.0
7045,0.0
7053,0.0
7046,0.0
7055,0.0
7048,0.0
7056,0.0
7049,0.0
7057,0.0
7030,0.0
7061,0.0
7064,0.0
7065,0.0
7038,0.0
7072,0.0
7070,0.0
7071,0.0
7079,0.0
7080,0.0
7797,0.0
7082,0.0
7085,0.0
7087,0.0
7086,0.0
7084,0.0
7090,0.0
5015,0.0
7089,0.0
7096,0.0
7095,0.0
7098,0.0
7099,0.0
7100,0.0
7103,0.0
7104,0.0
7106,0.0
7107,0.0
7109,0.0
7111,0.0
7112,0.0
7113,0.0
7114,0.0
7118,0.0
7117,0.0
7121,0.0
7123,0.0
7122,0.0
7124,0.0
7125,0.0
7127,0.0
7128,0.0
7129,0.0
7136,0.0
7130,0.0
7137,0.0
7126,0.0
7132,0.0
7133,0.0
7138,0.0
7134,0.0
7139,0.0
7140,0.0
7135,0.0
6986,0.0
7142,0.0
7145,0.0
7151,0.0
7153,0.0
7154,0.0
7155,0.0
7156,0.0
7157,0.0
7160,0.0
7158,0.0
7159,0.0
7163,0.0
7164,0.0
7165,0.0
7166,0.0
7167,0.0
7172,0.0
7173,0.0
7174,0.0
7175,0.0
7178,0.0
7179,0.0
7176,0.0
7177,0.0
7183,0.0
7184,0.0
7187,0.0
7188,0.0
7189,0.0
7190,0.0
7191,0.0
7192,0.0
7193,0.0
6889,0.0
7194,0.0
7195,0.0
7197,0.0
7198,0.0
7203,0.0
7205,0.0
7206,0.0
7210,0.0
7211,0.0
7212,0.0
7217,0.0
7219,0.0
7218,0.0
7220,0.0
7221,0.0
7223,0.0
7226,0.0
7227,0.0
7228,0.0
7229,0.0
5143,0.0
7230,0.0
7231,0.0
7232,0.0
7234,0.0
7235,0.0
7236,0.0
7239,0.0
7240,0.0
7241,0.0
7245,0.0
7251,0.0
7252,0.0
7253,0.0
7255,0.0
7260,0.0
7265,0.0
7266,0.0
7267,0.0
7268,0.0
7269,0.0
7270,0.0
7271,0.0
7276,0.0
7278,0.0
7282,0.0
7283,0.0
7284,0.0
7285,0.0
7286,0.0
7287,0.0
7291,0.0
7293,0.0
5949,0.0
7296,0.0
7298,0.0
7299,0.0
7300,0.0
7302,0.0
7305,0.0
7171,0.0
7309,0.0
7310,0.0
7317,0.0
7320,0.0
7294,0.0
7326,0.0
7327,0.0
7281,0.0
7329,0.0
7333,0.0
7330,0.0
7332,0.0
7335,0.0
7336,0.0
7337,0.0
7342,0.0
7345,0.0
7343,0.0
7344,0.0
7347,0.0
7348,0.0
7349,0.0
7350,0.0
7352,0.0
7353,0.0
7354,0.0
7355,0.0
7360,0.0
7363,0.0
7371,0.0
7374,0.0
7377,0.0
7379,0.0
7380,0.0
7357,0.0
7199,0.0
7382,0.0
7383,0.0
7390,0.0
7392,0.0
7321,0.0
7394,0.0
7170,0.0
7401,0.0
7402,0.0
7403,0.0
7404,0.0
7405,0.0
7409,0.0
7413,0.0
7416,0.0
7417,0.0
7418,0.0
7419,0.0
7420,0.0
7421,0.0
7424,0.0
7425,0.0
7426,0.0
7427,0.0
7428,0.0
7429,0.0
7430,0.0
7431,0.0
7441,0.0
7444,0.0
6139,0.0
7448,0.0
7445,0.0
7446,0.0
7447,0.0
7451,0.0
7452,0.0
7453,0.0
7181,0.0
7180,0.0
7454,0.0
7455,0.0
7456,0.0
7457,0.0
7458,0.0
7459,0.0
7461,0.0
7462,0.0
7465,0.0
7467,0.0
7466,0.0
7473,0.0
7474,0.0
7468,0.0
7469,0.0
7476,0.0
7477,0.0
7470,0.0
4532,0.0
7480,0.0
7481,0.0
7482,0.0
7483,0.0
7484,0.0
7485,0.0
7486,0.0
7487,0.0
7492,0.0
7494,0.0
7495,0.0
7501,0.0
7502,0.0
7503,0.0
7505,0.0
7509,0.0
7471,0.0
7511,0.0
7514,0.0
7515,0.0
7513,0.0
7518,0.0
7376,0.0
7522,0.0
7523,0.0
7524,0.0
7525,0.0
7527,0.0
7528,0.0
7531,0.0
7538,0.0
7540,0.0
7535,0.0
7536,0.0
7537,0.0
7549,0.0
7545,0.0
7546,0.0
7550,0.0
7554,0.0
7563,0.0
7564,0.0
7415,0.0
7150,0.0
7565,0.0
7569,0.0
7570,0.0
7571,0.0
7572,0.0
7576,0.0
7577,0.0
7578,0.0
8165,0.0
7579,0.0
7580,0.0
7581,0.0
7585,0.0
7586,0.0
7594,0.0
7595,0.0
7597,0.0
7598,0.0
7599,0.0
7600,0.0
7602,0.0
7605,0.0
5910,0.0
7608,0.0
7610,0.0
7611,0.0
7613,0.0
7609,0.0
7614,0.0
7615,0.0
7616,0.0
7617,0.0
7619,0.0
7623,0.0
7625,0.0
7626,0.0
7630,0.0
7629,0.0
7639,0.0
7638,0.0
7601,0.0
7644,0.0
7645,0.0
7986,0.0
7659,0.0
7660,0.0
7650,0.0
7661,0.0
7663,0.0
7664,0.0
7665,0.0
7670,0.0
7676,0.0
7677,0.0
7678,0.0
7679,0.0
7682,0.0
7684,0.0
7685,0.0
7687,0.0
7686,0.0
7696,0.0
7697,0.0
7698,0.0
7703,0.0
7704,0.0
7705,0.0
7706,0.0
7715,0.0
7716,0.0
7719,0.0
6367,0.0
7717,0.0
7720,0.0
7721,0.0
7724,0.0
7728,0.0
7727,0.0
7729,0.0
7732,0.0
7733,0.0
7736,0.0
7737,0.0
7738,0.0
7741,0.0
7742,0.0
7743,0.0
7744,0.0
7745,0.0
7747,0.0
7750,0.0
7751,0.0
7752,0.0
7753,0.0
7755,0.0
7756,0.0
7758,0.0
7759,0.0
7760,0.0
7761,0.0
7762,0.0
7766,0.0
7767,0.0
7768,0.0
7769,0.0
7770,0.0
7771,0.0
7772,0.0
7773,0.0
7774,0.0
7775,0.0
7777,0.0
7779,0.0
7780,0.0
7781,0.0
7782,0.0
7783,0.0
7789,0.0
7790,0.0
7792,0.0
7796,0.0
7800,0.0
7804,0.0
7801,0.0
7805,0.0
7802,0.0
7806,0.0
7808,0.0
7812,0.0
7814,0.0
7815,0.0
7818,0.0
7821,0.0
7822,0.0
7826,0.0
7827,0.0
7828,0.0
7829,0.0
7830,0.0
7831,0.0
7832,0.0
7834,0.0
7836,0.0
7837,0.0
7841,0.0
7842,0.0
7843,0.0
7844,0.0
7845,0.0
7848,0.0
7849,0.0
7852,0.0
7850,0.0
7851,0.0
6638,0.0
7853,0.0
7854,0.0
7856,0.0
7754,0.0
7863,0.0
7864,0.0
7865,0.0
7866,0.0
7867,0.0
7868,0.0
7870,0.0
7873,0.0
7875,0.0
7877,0.0
7878,0.0
7885,0.0
7883,0.0
7884,0.0
7886,0.0
7887,0.0
7888,0.0
7889,0.0
7891,0.0
7892,0.0
7893,0.0
7372,0.0
7894,0.0
7900,0.0
7901,0.0
7902,0.0
7903,0.0
7904,0.0
7905,0.0
7906,0.0
7907,0.0
7911,0.0
7869,0.0
7914,0.0
7915,0.0
7916,0.0
7919,0.0
7920,0.0
7922,0.0
7923,0.0
7925,0.0
7930,0.0
7929,0.0
7932,0.0
7933,0.0
7931,0.0
7934,0.0
7935,0.0
7937,0.0
7938,0.0
7939,0.0
7940,0.0
7941,0.0
7942,0.0
7944,0.0
7945,0.0
7948,0.0
7949,0.0
7950,0.0
7953,0.0
7954,0.0
7955,0.0
7956,0.0
7959,0.0
7960,0.0
7964,0.0
7966,0.0
7968,0.0
7969,0.0
7967,0.0
7970,0.0
7972,0.0
7973,0.0
7974,0.0
7975,0.0
7976,0.0
7978,0.0
7980,0.0
7981,0.0
7982,0.0
7985,0.0
7993,0.0
7995,0.0
7998,0.0
7999,0.0
8000,0.0
8001,0.0
8005,0.0
8006,0.0
8009,0.0
8010,0.0
8011,0.0
8012,0.0
8013,0.0
8014,0.0
8015,0.0
8020,0.0
8027,0.0
8035,0.0
8036,0.0
8040,0.0
8041,0.0
8045,0.0
8046,0.0
8047,0.0
8048,0.0
8049,0.0
8052,0.0
8053,0.0
8054,0.0
8055,0.0
8056,0.0
8057,0.0
8060,0.0
8061,0.0
8062,0.0
8063,0.0
8064,0.0
8065,0.0
8066,0.0
8069,0.0
8070,0.0
8071,0.0
8072,0.0
8074,0.0
8076,0.0
8075,0.0
8077,0.0
8080,0.0
8081,0.0
8023,0.0
8084,0.0
8085,0.0
8086,0.0
8087,0.0
8088,0.0
8089,0.0
8091,0.0
8092,0.0
8093,0.0
8094,0.0
8095,0.0
8096,0.0
8098,0.0
8099,0.0
8100,0.0
8101,0.0
8102,0.0
8108,0.0
8103,0.0
8104,0.0
8105,0.0
8111,0.0
8112,0.0
8106,0.0
8107,0.0
8114,0.0
8115,0.0
8109,0.0
8110,0.0
8118,0.0
8119,0.0
8120,0.0
8126,0.0
8131,0.0
8133,0.0
8135,0.0
8138,0.0
8136,0.0
8097,0.0
8137,0.0
8140,0.0
8142,0.0
8144,0.0
8145,0.0
8146,0.0
8147,0.0
8152,0.0
8153,0.0
8155,0.0
8156,0.0
8158,0.0
8159,0.0
8157,0.0
8161,0.0
8162,0.0
8166,0.0
8167,0.0
8170,0.0
8171,0.0
8172,0.0
8173,0.0
8177,0.0
7472,0.0
8179,0.0
8184,0.0
8180,0.0
8181,0.0
8182,0.0
8183,0.0
8187,0.0
8189,0.0
7861,0.0
8190,0.0
8193,0.0
8194,0.0
8195,0.0
8196,0.0
8197,0.0
8199,0.0
8202,0.0
8203,0.0
8206,0.0
8205,0.0
8211,0.0
8213,0.0
8215,0.0
8216,0.0
8221,0.0
8222,0.0
8231,0.0
8232,0.0
8233,0.0
8236,0.0
8214,0.0
8238,0.0
8241,0.0
8242,0.0
8243,0.0
8244,0.0
8245,0.0
8248,0.0
8229,0.0
8251,0.0
8252,0.0
8253,0.0
8254,0.0
8255,0.0
8256,0.0
8260,0.0
8261,0.0
8262,0.0
8264,0.0
8265,0.0
8266,0.0
7637,0.0
8270,0.0
8272,0.0
8273,0.0
8150,0.0
8274,0.0
